contrast,dissimilarity,homogeniety,asm,energy,correlation,ent,y
236.9487395,3.427310924,0.716319527,0.424404634,0.651463456,0.958678198,0.310080097,0
282.4011204,3.876330532,0.666498436,0.338475704,0.581786648,0.956813609,0.317466093,0
183.0689076,3.548179272,0.702580185,0.411739068,0.641668971,0.962259617,0.307065353,0
80.09271709,2.112464986,0.751597511,0.467553708,0.68377899,0.959964641,0.22694805,0
169.17507,3.449859944,0.678805276,0.363588112,0.602982679,0.960156863,0.304584033,0
278.7331933,4.478431373,0.636807634,0.322888116,0.568232449,0.952412999,0.367925136,0
113.787395,2.361764706,0.766412346,0.49791599,0.705631625,0.97287668,0.226448214,0
253.9952381,3.570588235,0.725637344,0.455502593,0.674909322,0.957248053,0.301746055,0
215.6585434,3.428711485,0.696895282,0.384018313,0.619692112,0.951864759,0.311676241,0
191.6357143,2.754061625,0.797829919,0.581170105,0.762345135,0.962621006,0.2723482,0
85.49173669,2.229831933,0.76245111,0.499047266,0.706432775,0.972070005,0.252040877,0
94.80938375,2.690896359,0.657572032,0.296499561,0.544517732,0.964426841,0.26904978,0
204.3467787,2.953501401,0.708763081,0.377150468,0.614125775,0.962454722,0.251987797,0
172.742437,3.006022409,0.718813417,0.421593981,0.649302688,0.961983552,0.291161654,0
211.8089636,3.745378151,0.641192129,0.308444574,0.555377866,0.953015205,0.333552662,0
154.6326331,3.434593838,0.661184422,0.340962169,0.58391966,0.958298843,0.339813346,0
204.229972,3.955462185,0.68403866,0.394734914,0.628279328,0.964661746,0.3479381,0
134.4138655,2.894957983,0.696536617,0.377056793,0.614049504,0.958972116,0.282826816,0
202.6040616,2.85210084,0.726053,0.408060312,0.638795986,0.96219123,0.21523127,0
163.4429972,2.754761905,0.72938815,0.417480963,0.646127668,0.960428994,0.249053572,0
309.6969188,4.326610644,0.652537078,0.332344546,0.576493318,0.943603282,0.364675402,0
251.2413165,3.573389356,0.695761148,0.38614638,0.621406775,0.948968581,0.297115668,0
177.3068627,3.14789916,0.71130121,0.406898701,0.637886119,0.967259421,0.303928834,0
201.2936975,3.635994398,0.659084744,0.317715792,0.563662836,0.949214607,0.324531272,0
40.11652661,1.987254902,0.736586353,0.441469951,0.664432051,0.975936591,0.272818942,0
301.4715686,3.736554622,0.680347629,0.352499823,0.593716956,0.956850788,0.288269332,0
234.837395,3.651260504,0.65531264,0.311199078,0.557852201,0.963398788,0.319029708,0
103.1035014,2.182633053,0.766410713,0.488243974,0.69874457,0.973026234,0.243364961,0
116.9180672,2.867366947,0.687177027,0.358039637,0.598364134,0.964388019,0.266397205,0
175.7218487,3.259383754,0.700006058,0.401747336,0.633835417,0.964885476,0.291546159,0
198.6009804,3.146078431,0.703593133,0.397140297,0.630190683,0.969480591,0.295750293,0
72.80434174,2.071848739,0.756874921,0.47762762,0.691106084,0.977560942,0.251781192,0
262.8966387,3.495798319,0.684676589,0.358074034,0.598392876,0.964175901,0.273042222,0
241.7446779,2.658123249,0.785866907,0.519579793,0.720818835,0.962230681,0.213058754,0
315.5572829,3.693557423,0.683889274,0.35173542,0.593072862,0.951940118,0.290601166,0
86.82282913,2.162885154,0.744868364,0.438107263,0.661896716,0.964442265,0.231421892,0
199.9518207,3.364985994,0.654092432,0.308487316,0.555416345,0.961892214,0.31751046,0
177.757423,2.531372549,0.779212989,0.514147679,0.717040918,0.966932062,0.210772785,0
159.5761905,2.980532213,0.705697725,0.392719745,0.626673555,0.954240596,0.267923341,0
113.0127451,3.062605042,0.656490463,0.327165739,0.571984037,0.964736957,0.305748266,0
224.8238095,3.446078431,0.707550339,0.409817819,0.640170149,0.956401684,0.277933777,0
143.6165266,2.588935574,0.721762198,0.403143601,0.634935903,0.964508002,0.248927125,0
63.88585434,1.901120448,0.761643386,0.467879985,0.684017533,0.97387989,0.205534602,0
163.3287115,3.476330532,0.633498707,0.294822203,0.542975325,0.961777712,0.351817032,0
251.2413165,3.573389356,0.695761148,0.38614638,0.621406775,0.948968581,0.297115668,0
182.6635854,3.333193277,0.684568228,0.360567953,0.600473107,0.964540615,0.293201957,0
153.1754902,2.974369748,0.738378825,0.462687526,0.680211383,0.957503423,0.250175647,0
114.3173669,3.074229692,0.62161796,0.249563453,0.499563262,0.955751629,0.291381622,0
232.7838936,3.358123249,0.681431284,0.338992646,0.58223075,0.961964844,0.255318684,0
163.0928571,3.368767507,0.711112111,0.432916539,0.657963935,0.968255009,0.323380511,0
186.2822129,3.698319328,0.667764864,0.350192587,0.591770722,0.954225052,0.323249917,0
277.339916,3.315546218,0.731260762,0.425110682,0.652005124,0.951707237,0.248156516,0
172.3001401,3.529131653,0.688862077,0.396075126,0.629344998,0.959187608,0.319543779,0
186.5317927,3.080952381,0.719398813,0.416535036,0.645395255,0.97030554,0.289172126,0
241.8609244,4.351260504,0.626659941,0.288490553,0.537113166,0.947523184,0.356399512,0
126.7826331,2.702240896,0.701069462,0.380245363,0.616640384,0.962968051,0.267841036,0
260.8029412,4.036554622,0.636541762,0.305189841,0.552439898,0.951110877,0.327143642,0
279.832493,4.001820728,0.629658045,0.280527996,0.529648936,0.957205382,0.337682923,0
230.6621849,3.63767507,0.619291149,0.252879377,0.502871134,0.956630545,0.318264824,0
172.4661064,3.288095238,0.721635664,0.444608324,0.666789565,0.963794189,0.306363141,0
166.777451,2.820588235,0.773223401,0.526890099,0.725871958,0.961572232,0.280062304,0
328.2084034,4.359663866,0.656795126,0.333485149,0.57748173,0.949244712,0.355656533,0
168.2420168,2.47745098,0.784165358,0.53794561,0.733447755,0.957054868,0.237065476,0
104.0522409,2.773109244,0.731268137,0.449343463,0.670330861,0.959791463,0.255033613,0
242.9239496,4.121708683,0.637974339,0.318772686,0.56459958,0.960053594,0.350327223,0
128.9505602,2.886414566,0.714354389,0.420683724,0.64860136,0.970977011,0.292183538,0
139.704902,2.402941176,0.780669859,0.526406798,0.725538971,0.966549147,0.242880175,0
303.2089636,4.440056022,0.644654042,0.314684795,0.560967731,0.949851061,0.361657385,0
225.0572829,3.705602241,0.661691407,0.335368746,0.579110305,0.958033024,0.328010971,0
133.7259104,2.822408964,0.730053092,0.445106317,0.667162886,0.96267023,0.269567558,0
269.3658263,3.843837535,0.65448544,0.319532431,0.565271997,0.961347515,0.313563016,0
165.8352941,3.172128852,0.714685174,0.424600958,0.651614117,0.963402613,0.293399316,0
213.7658263,3.297058824,0.72359648,0.434874989,0.659450521,0.941242148,0.296843187,0
171.8355742,3.127591036,0.687652356,0.365465961,0.604537808,0.956577973,0.294613839,0
190.847619,3.257002801,0.693550916,0.372761595,0.61054205,0.958246392,0.294668524,0
127.9201681,2.678851541,0.749983007,0.471831615,0.686900004,0.960440782,0.261978511,0
280.1134454,4.278291317,0.601041972,0.248085381,0.498081701,0.953550355,0.361138701,0
116.482493,2.292436975,0.728574795,0.403855258,0.635496072,0.971388838,0.200702346,0
310.7347339,4.192016807,0.665485202,0.340643689,0.583646887,0.953032319,0.345341217,0
114.9357143,2.287535014,0.774807031,0.508429166,0.713042191,0.963978578,0.21964693,0
174.8603641,3.196778711,0.702659064,0.402007166,0.63404035,0.958241673,0.302641194,0
96.86428571,2.688235294,0.678873313,0.357778915,0.598146233,0.965458075,0.305734619,0
139.6079832,2.637815126,0.729485062,0.430217499,0.655909673,0.971905938,0.259945512,0
268.7305322,3.039215686,0.770564757,0.517406727,0.719309897,0.960120411,0.241318354,0
258.1312325,3.836414566,0.679971112,0.363409521,0.602834572,0.953910083,0.326156998,0
249.8736695,3.86512605,0.704925498,0.424388961,0.651451427,0.96174245,0.328841194,0
180.7633053,3.269327731,0.681624888,0.346114485,0.588314954,0.953550411,0.292801579,0
213.5728291,3.570028011,0.661157024,0.323802845,0.569036769,0.956933786,0.295223943,0
206.7560224,3.06442577,0.737960306,0.456940963,0.675974084,0.963464476,0.285753825,0
218.3413165,3.469887955,0.668288419,0.322075811,0.567517234,0.963081043,0.247257544,0
87.39579832,2.720868347,0.646033028,0.284738641,0.533609071,0.959338167,0.274952704,0
154.2922969,3.075910364,0.664103742,0.318172073,0.564067436,0.948821275,0.285917984,0
125.8613445,2.55070028,0.716796265,0.399520651,0.63207646,0.960985855,0.243856906,0
141.3822129,2.660784314,0.727060425,0.418750677,0.647109478,0.959229828,0.251689986,0
203.9156863,3.255462185,0.717401201,0.420704184,0.648617132,0.957640839,0.282043563,0
188.4878151,3.348459384,0.668105799,0.342228735,0.585003192,0.965548838,0.314172911,0
268.1501401,3.778431373,0.705587325,0.40950285,0.639924097,0.940257684,0.310451964,0
210.1308123,2.789215686,0.765581466,0.489433234,0.69959505,0.967572853,0.228239774,0
290.4796919,3.689355742,0.698853753,0.383502195,0.61927554,0.951159203,0.308538234,0
102.6957983,3.126610644,0.691974315,0.400744572,0.633043894,0.970235223,0.330213276,0
155.4998599,3.191736695,0.662844414,0.314952736,0.5612065,0.959177909,0.278195658,0
180.0121849,3.642717087,0.642196802,0.30241628,0.549923886,0.959011203,0.334641404,0
232.3745098,4.045098039,0.632129037,0.302256412,0.549778512,0.95797434,0.348516124,0
141.7585434,2.951540616,0.66799275,0.31218714,0.558737093,0.962100136,0.278541652,0
139.1745098,2.906162465,0.730663509,0.456752083,0.675834361,0.960283253,0.277331028,0
278.6119048,3.120028011,0.766116313,0.492988058,0.702131083,0.954141855,0.222726486,0
156.0635854,3.261204482,0.638159005,0.279695015,0.528862,0.959399555,0.311508438,0
268.6466387,3.749859944,0.66217565,0.330876929,0.575219027,0.960384759,0.321634482,0
176.457563,3.310504202,0.635804538,0.269049551,0.518699866,0.949533674,0.283439107,0
192.1326331,3.362044818,0.66465362,0.33494436,0.578743778,0.965933711,0.285125929,0
270.2991597,3.106302521,0.757596567,0.481681182,0.694032551,0.96788031,0.271199514,0
105.1442577,2.302240896,0.742226049,0.436811107,0.660916868,0.964185224,0.231085779,0
83.63753501,2.356862745,0.731558605,0.44194926,0.664792644,0.972215981,0.256413144,0
166.3441176,3.330112045,0.68850434,0.3763439,0.613468744,0.953287065,0.306402104,0
142.9953782,3.25280112,0.662715588,0.334170374,0.578074713,0.960751977,0.312039566,0
185.6673669,3.300420168,0.714264668,0.422147349,0.649728673,0.958434615,0.291838188,0
157.7708683,2.529271709,0.771673499,0.517198213,0.719164941,0.953780799,0.247949508,0
167.1616246,3.085014006,0.657192842,0.297706896,0.545625234,0.962301957,0.260844068,0
236.4568627,3.325630252,0.720429803,0.419176043,0.647438061,0.962273669,0.27160808,0
97.35994398,2.414845938,0.731474492,0.434245041,0.658972717,0.969258734,0.273359402,0
201.2707283,3.70280112,0.639622403,0.311489655,0.558112582,0.950637779,0.325374903,0
242.8312325,4.033613445,0.677449831,0.381746699,0.617856536,0.957912135,0.343411548,0
184.345098,3.773529412,0.684945546,0.404995086,0.636392242,0.961226786,0.352030221,0
110.2121849,2.608963585,0.709008519,0.396302394,0.62952553,0.970279566,0.264854636,0
186.5831933,3.521008403,0.637108761,0.282162277,0.531189492,0.953895469,0.295598073,0
143.4306723,2.489215686,0.738954889,0.445666237,0.667582382,0.957638494,0.256370262,0
245.1753501,4.287535014,0.625666638,0.297692195,0.545611762,0.955703097,0.325130596,0
223.6,3.371288515,0.693043641,0.380156023,0.616567939,0.959446666,0.298035595,0
262.340056,3.615966387,0.680374296,0.354854432,0.595696594,0.954844259,0.294619579,0
128.3914566,2.62254902,0.707567166,0.384795899,0.620319191,0.963101487,0.254101824,0
135.8492997,3.580392157,0.661064813,0.346207405,0.58839392,0.961553535,0.346196424,0
164.7477591,2.771008403,0.732430037,0.435927518,0.660248073,0.952768594,0.258486367,0
170.7096639,3.552661064,0.623420919,0.262524049,0.512371007,0.945984267,0.29820895,0
100.6679272,2.962885154,0.678305529,0.366970955,0.605781277,0.976337619,0.291518053,0
150.0197479,2.594537815,0.753304568,0.458924511,0.677439673,0.960092604,0.225117426,0
207.2379552,3.570868347,0.659175035,0.319528331,0.565268371,0.955098812,0.312559294,0
211.6837535,3.576610644,0.619915017,0.251625523,0.501622889,0.954386709,0.314502261,0
140.7145658,2.802941176,0.756784462,0.495675496,0.704042254,0.961145745,0.268218046,0
185.7796919,3.258263305,0.631843444,0.257407512,0.507353439,0.962324968,0.292104941,0
296.9631653,3.690616246,0.727532049,0.444713758,0.666868621,0.949898815,0.285402742,0
117.4072829,2.529971989,0.730259375,0.433326693,0.658275545,0.965385081,0.265937079,0
152.0383754,3.023389356,0.709441851,0.408540122,0.639171434,0.964740922,0.276254978,0
258.954902,4.125210084,0.6697263,0.353209872,0.594314624,0.941647979,0.31547631,0
151.6592437,2.976190476,0.665570661,0.313466808,0.559881066,0.956081792,0.264424815,0
91.24607843,2.779831933,0.737112608,0.474989672,0.689194945,0.969490083,0.291309587,0
192.9589636,3.444817927,0.687191166,0.391337976,0.625570121,0.967431104,0.30456857,0
87.79187675,2.059943978,0.77940476,0.51851522,0.720080009,0.973534454,0.240581039,0
299.8396359,4.716246499,0.627322464,0.292097614,0.540460557,0.935157283,0.335978472,0
214.8498599,3.363585434,0.69892582,0.387117082,0.622187337,0.957751081,0.256659491,0
170.3894958,3.584313725,0.622961812,0.269920272,0.519538518,0.956048836,0.320063461,0
200.8794118,3.597619048,0.674426629,0.350492481,0.592024055,0.950517986,0.289341028,0
106.4235294,2.528011204,0.736858873,0.457407277,0.676318916,0.966492482,0.291271176,0
178.9668067,3.73627451,0.622167785,0.275133965,0.524532139,0.943608237,0.309680237,0
218.2943978,3.405462185,0.708666506,0.416678603,0.64550647,0.956703134,0.323313842,0
251.3942577,3.551960784,0.682766961,0.357287621,0.59773541,0.959918234,0.294742721,0
194.4631653,3.332212885,0.662251889,0.332126939,0.576304554,0.963028107,0.32485729,0
276.297619,4.063305322,0.711128476,0.438094238,0.661886877,0.9517885,0.316066237,0
83.26876751,2.857282913,0.670120385,0.34953757,0.591217024,0.968995863,0.313761054,0
205.8487395,3.146918768,0.720718966,0.425060289,0.651966478,0.958132695,0.286923442,0
109.6844538,2.615826331,0.721676829,0.406444892,0.637530306,0.950011916,0.257459466,0
215.5663866,2.981512605,0.715871265,0.392174213,0.626238144,0.965310322,0.255146461,0
152.8072829,3.27605042,0.660631449,0.316457612,0.562545654,0.963628861,0.258590593,0
103.1457983,2.431372549,0.735221139,0.436415272,0.660617342,0.967204914,0.233494034,0
162.5530812,2.985294118,0.68312408,0.343840821,0.586379417,0.967260255,0.278770081,0
285.969888,4.484593838,0.579287181,0.224118,0.473411027,0.946489854,0.366323232,0
172.4733894,3.424509804,0.669851144,0.344907404,0.587288178,0.957360096,0.332171045,0
163.197479,3.23907563,0.700332042,0.402522107,0.634446299,0.97241033,0.324531576,0
178.0281513,3.356302521,0.683567354,0.375986551,0.613177423,0.953824545,0.320174431,0
220.3880952,3.970168067,0.642742384,0.308460482,0.555392188,0.942589652,0.338765883,0
189.1372549,3.475210084,0.692336143,0.393949707,0.62765413,0.97079018,0.334228563,0
183.2065826,2.62605042,0.779995892,0.533644654,0.730509859,0.971892633,0.239324953,0
135.0537815,3.250560224,0.663853755,0.322648569,0.568021627,0.952036319,0.276270238,0
174.0662465,3.606162465,0.647716432,0.324034251,0.569240064,0.961003564,0.329975425,0
97.60728291,2.101540616,0.779053905,0.517909007,0.719658952,0.974013197,0.239217547,0
210.7264706,3.378431373,0.676879743,0.342615007,0.585333244,0.947331605,0.271671,0
201.9577031,3.566106443,0.611179631,0.236921563,0.486745891,0.937197242,0.272481516,0
268.5579832,2.932913165,0.78258156,0.51246782,0.715868578,0.953419019,0.209906442,0
123.7137255,2.73767507,0.74933482,0.488110244,0.69864887,0.964085486,0.269428463,0
167.087535,3.655322129,0.705091607,0.432540575,0.65767817,0.960780865,0.335793211,0
215.5997199,3.680952381,0.712403924,0.444414276,0.66664404,0.958071945,0.316514764,0
258.5357143,4.102380952,0.630922386,0.294519955,0.542696927,0.955191372,0.315275206,0
72.86820728,2.246638655,0.716948386,0.396985382,0.63006776,0.968007517,0.238082713,0
193.9165266,3.525210084,0.663623085,0.327306305,0.5721069,0.954558496,0.298047589,0
222.2359944,3.807282913,0.686128692,0.397016454,0.630092417,0.961057812,0.352022136,0
263.1792717,4.015406162,0.643518923,0.302989559,0.550444873,0.956134064,0.341048075,0
127.8914566,2.600560224,0.676105812,0.30530216,0.552541546,0.964533188,0.248008427,0
249.0179272,3.574509804,0.668556509,0.334496838,0.578357016,0.95614045,0.298592004,0
80.11022409,2.42254902,0.725380639,0.427018778,0.653466738,0.968308916,0.244704972,0
165.4467787,3.194117647,0.701397594,0.394401692,0.628014086,0.967362295,0.314797644,0
301.8568627,3.695378151,0.725671227,0.443507079,0.665963272,0.95571444,0.297922095,0
177.8162465,3.682492997,0.685219126,0.392969825,0.626873053,0.970613276,0.350220794,0
284.9682073,4.437955182,0.611607419,0.269275181,0.518917316,0.952595601,0.360997306,0
126.7340336,3.421428571,0.677714667,0.38876837,0.623512927,0.973953475,0.36101012,0
243.8008403,4.083893557,0.632942205,0.299327064,0.547107909,0.955860217,0.348839595,0
180.7196078,3.49929972,0.646485689,0.309417159,0.556252783,0.958848541,0.312274396,0
190.3528011,3.148739496,0.741543286,0.474802293,0.689058991,0.962244733,0.276982888,0
303.7142857,4.290756303,0.638235394,0.308515377,0.555441605,0.950329744,0.333355147,0
234.2777311,3.075910364,0.719599177,0.388394132,0.62321275,0.950845722,0.245377205,0
266.0345938,4.161204482,0.637708307,0.302323998,0.549839975,0.946468323,0.326718818,0
240.8830532,3.987394958,0.690608752,0.402416516,0.634363079,0.967855702,0.350826955,0
247.5445378,4.031932773,0.686608508,0.397279588,0.630301189,0.960447823,0.358721059,0
236.4133053,3.710364146,0.732933817,0.477393967,0.690937021,0.95918889,0.305344099,0
187.9435574,3.06162465,0.708963649,0.389657177,0.624225261,0.955078089,0.272337031,0
124.3477591,2.850280112,0.707265994,0.403446604,0.635174467,0.95872418,0.290673105,0
181.8866947,3.305462185,0.683982286,0.361977261,0.601645462,0.954646607,0.308126943,0
116.3282913,3.040896359,0.674266269,0.353008811,0.594145446,0.961320704,0.329086205,0
164.4477591,2.966246499,0.710618835,0.401943787,0.633990368,0.9677894,0.29624922,0
191.2585434,2.647478992,0.753046758,0.45401641,0.673807399,0.960572973,0.214950634,0
237.4483193,3.270728291,0.706389834,0.404438432,0.635954741,0.963957688,0.276391301,0
75.05490196,2.520728291,0.647120653,0.281190947,0.530274407,0.96141432,0.257839483,0
204.3641457,3.783613445,0.667121765,0.350516089,0.592043992,0.954666794,0.328094938,0
260.1201681,3.545238095,0.713594342,0.42615759,0.652807468,0.958698676,0.290835531,0
171.5319328,2.416946779,0.769346346,0.480570522,0.69323194,0.969356172,0.21821282,0
307.1759104,4.044817927,0.652866903,0.320595572,0.566211596,0.956547182,0.31566938,0
131.9305322,3.146778711,0.662871343,0.315092204,0.561330743,0.951970582,0.291222795,0
49.23431373,1.955182073,0.744420403,0.451011738,0.671574075,0.969835286,0.259610113,0
75.35182073,1.847058824,0.7981357,0.555340283,0.745211569,0.970415451,0.235616065,0
271.2142857,4.145658263,0.615758081,0.26742549,0.517131985,0.956407181,0.347665125,0
188.6494398,2.466246499,0.773522615,0.49516435,0.703679153,0.969795917,0.216443463,0
190.8128852,2.843557423,0.736021861,0.434086929,0.658852737,0.955909572,0.257574549,0
118.6011204,3.280252101,0.641325861,0.307233972,0.554286904,0.964865918,0.314691006,0
116.3841737,2.293697479,0.763519191,0.482934213,0.694934682,0.976786493,0.207699407,0
135.8780112,3.108263305,0.681617678,0.365519198,0.604581837,0.965180406,0.309879692,0
148.9704482,2.895798319,0.725577355,0.415147245,0.644319211,0.955070663,0.251141968,0
90.09047619,2.207282913,0.753175454,0.468435972,0.684423825,0.980352778,0.216391916,0
257.2858543,4.27464986,0.606034211,0.265130552,0.514908295,0.955609893,0.372714183,0
100.6514006,3.217507003,0.626481002,0.282278509,0.531298889,0.967431432,0.349626931,0
200.9163866,3.117647059,0.73007673,0.442850189,0.665469901,0.960397428,0.287960352,0
144.3462185,3.28557423,0.643925721,0.290977518,0.53942332,0.955209517,0.282775442,0
252.7819328,3.398319328,0.708623541,0.407172212,0.638100472,0.963459733,0.297469865,0
172.6466387,3.150280112,0.663361946,0.314903255,0.561162414,0.958263019,0.289829053,0
181.0672269,3.391736695,0.702452158,0.406107414,0.637265575,0.966268514,0.30071075,0
122.8352941,2.479411765,0.727789241,0.418668948,0.647046326,0.970439974,0.241628065,0
171.7670868,3.17464986,0.662673487,0.309495161,0.556322893,0.961032193,0.263999926,0
104.9784314,2.456862745,0.745049604,0.460934236,0.678921377,0.972410472,0.254958484,0
161.0851541,3.280812325,0.625615118,0.24875819,0.498756644,0.954278386,0.300723037,0
127.4851541,2.620308123,0.716673754,0.401485781,0.633629056,0.956156191,0.252817899,0
201.5659664,3.484173669,0.68217244,0.367816019,0.606478374,0.961784113,0.307422152,0
190.0273109,3.286414566,0.720888236,0.432135197,0.657369909,0.959791721,0.274140282,0
179.387535,3.239355742,0.708322885,0.407642498,0.63846887,0.952828487,0.290195481,0
227.7086835,3.904481793,0.677140609,0.359560255,0.599633434,0.957017788,0.322688322,0
249.1561625,3.454481793,0.730372351,0.451748876,0.672122664,0.951760811,0.290682884,0
212.7666667,4.26512605,0.599147366,0.260672857,0.510561316,0.959811558,0.380716801,0
146.4457983,3.143977591,0.687620044,0.3767007,0.61375948,0.962786691,0.290593931,0
236.7404762,3.668767507,0.680404926,0.352308394,0.593555721,0.949806435,0.262332668,0
157.9879552,3.028991597,0.707410565,0.389399574,0.624018889,0.956743751,0.276916736,0
132.3172269,2.833613445,0.725229383,0.437485229,0.661426662,0.95753521,0.268305832,0
260.4991597,4.465546218,0.623432282,0.310200767,0.556956701,0.966406039,0.379011532,0
124.1130252,2.965546218,0.691976819,0.382041787,0.61809529,0.962303479,0.287611044,0
255.5392157,3.508123249,0.688274295,0.354654872,0.595529069,0.946112197,0.284937701,0
221.0687675,3.368067227,0.663772161,0.318536964,0.56439079,0.949112838,0.290667251,0
239.3483193,3.775630252,0.689158143,0.379567062,0.616090141,0.949914624,0.29005325,0
246.0823529,3.588655462,0.720992736,0.44190641,0.664760415,0.95751818,0.306790035,0
175.3180672,3.281932773,0.684050401,0.351570618,0.592933907,0.949934921,0.294529981,0
134.9372549,2.729131653,0.726032993,0.430421031,0.656064807,0.961915698,0.253143067,0
133.8163866,2.67605042,0.717341544,0.414552802,0.643857749,0.976971669,0.266842052,0
202.0035014,2.904341737,0.726286926,0.406142016,0.637292724,0.961975495,0.239150169,0
146.6086835,2.948179272,0.699241772,0.384788543,0.620313262,0.952822614,0.258892223,0
227.3208683,3.425630252,0.733886629,0.457120319,0.676106736,0.950889438,0.291941899,0
187.9026611,3.608823529,0.6485033,0.324883973,0.569985941,0.953820615,0.339541146,0
126.2862745,2.587394958,0.743538054,0.46168791,0.679476203,0.969355268,0.261084764,0
305.7672269,4.058823529,0.644050971,0.301565332,0.549149644,0.941627309,0.309333306,0
253.3351541,3.761344538,0.651090686,0.303865664,0.551240115,0.954696202,0.316438736,0
122.4833333,2.51372549,0.736427652,0.44108258,0.664140482,0.968578813,0.287861187,0
242.7830532,3.697619048,0.72515555,0.455976802,0.675260544,0.947482785,0.307776002,0
240.9918768,4.179971989,0.602927233,0.254487491,0.504467532,0.951279424,0.346057426,0
208.6352941,3.998319328,0.602650053,0.240138261,0.49003904,0.959169462,0.359918007,0
188.5812325,3.62745098,0.665159446,0.351903379,0.593214446,0.95813454,0.351738498,0
151.6133053,2.888935574,0.711182644,0.400277425,0.632674817,0.960655158,0.268941657,0
219.192577,3.67394958,0.717065408,0.44217792,0.664964601,0.957299477,0.320675281,0
114.9561625,2.493137255,0.716823108,0.398202879,0.631033184,0.960146921,0.244959102,0
107.8488796,1.921988796,0.804391394,0.551100725,0.742361586,0.972160895,0.206764623,0
175.7581232,3.040616246,0.711886238,0.39922776,0.631844728,0.955687221,0.27737605,0
88.0429972,2.436694678,0.73699812,0.450357927,0.671087124,0.965033362,0.264513963,0
157.8114846,3.073669468,0.709890277,0.402481885,0.6344146,0.959445392,0.274699166,0
229.1070028,3.286414566,0.714767767,0.415806146,0.644830323,0.961798774,0.289360566,0
126.3543417,3.055602241,0.668282337,0.339703372,0.582840777,0.964957096,0.296447594,0
179.857423,3.232492997,0.667235841,0.339285332,0.582482044,0.96038718,0.29890524,0
126.1539216,2.792717087,0.747263328,0.473451116,0.688077841,0.96033505,0.286312172,0
230.2109244,3.993277311,0.624861485,0.275808108,0.525174359,0.94261191,0.304123758,0
167.8291317,3.005042017,0.737349292,0.469789151,0.685411665,0.958916567,0.285036281,0
244.8338936,3.467086835,0.674664526,0.324593965,0.569731485,0.953813133,0.264595815,0
286.4035014,4.078431373,0.711115389,0.440878498,0.663986821,0.954697243,0.31809145,0
216.8288515,3.518487395,0.656500751,0.309891927,0.556679376,0.96178089,0.2680697,0
230.7168067,3.875070028,0.659883105,0.340213546,0.583278275,0.954975644,0.351667699,0
102.6039216,3.142577031,0.606725048,0.239134536,0.48901384,0.964634478,0.296130236,0
232.5340336,3.300560224,0.710188696,0.402558563,0.634475029,0.96013045,0.282006247,0
206.5204482,3.423389356,0.66992832,0.328240737,0.572922977,0.945754821,0.272705423,0
295.4462185,4.009243697,0.697125306,0.405290665,0.63662443,0.950514715,0.314707092,0
213.7338936,3.475210084,0.685802455,0.357656327,0.59804375,0.960180293,0.292904444,0
297.392577,4.093557423,0.615859593,0.26105604,0.510936434,0.953021806,0.339779924,0
265.2837535,3.500560224,0.732757124,0.456671835,0.675774989,0.951089409,0.273698831,0
62.11148459,2.24047619,0.728490329,0.439779039,0.663158382,0.97474607,0.277787299,0
213.0578431,3.471988796,0.661689378,0.311394205,0.558027065,0.949925642,0.291538522,0
275.102521,3.886414566,0.683846313,0.375323316,0.612636365,0.952947599,0.310759729,0
136.4168067,3.033753501,0.650923106,0.290093724,0.538603494,0.961514691,0.286533668,0
188.0722689,3.218907563,0.671110815,0.333932357,0.577868806,0.958499254,0.302144478,0
187.3119048,3.317787115,0.635698043,0.284299641,0.533197563,0.972807488,0.277053778,0
110.347619,2.293977591,0.752259223,0.470507576,0.685935548,0.969688039,0.234359324,0
271.7530812,3.414005602,0.744917798,0.472002311,0.687024243,0.956978905,0.285973833,0
256.0046218,3.919607843,0.650323312,0.318290365,0.564172283,0.949544092,0.313073256,0
256.795098,3.749439776,0.697272434,0.399165058,0.631795108,0.95530302,0.316280213,0
165.1242297,3.394397759,0.665750953,0.34253677,0.585266409,0.964143944,0.320695173,0
138.242437,3.100980392,0.701565762,0.402437652,0.634379738,0.972929732,0.323778528,0
177.1120448,3.289215686,0.672987529,0.346580897,0.588711217,0.961000833,0.297660343,0
296.3798319,4.045658263,0.662247119,0.328781169,0.573394427,0.950493015,0.287858066,0
142.8214286,2.597478992,0.736379776,0.436662332,0.660804307,0.965855973,0.257587957,0
110.2886555,2.792997199,0.683408197,0.336624061,0.580193124,0.958516503,0.262181285,0
175.8939776,3.414705882,0.693956357,0.407409356,0.638286265,0.962470188,0.341510488,0
186.6554622,2.644537815,0.768603567,0.500419933,0.707403656,0.970823791,0.257166887,0
196.9420168,3.415546218,0.680294788,0.348051819,0.589959167,0.943311923,0.285122149,0
201.7659664,3.52535014,0.636459756,0.285015467,0.533868399,0.956964066,0.303130621,0
235.7281513,4.166666667,0.596546444,0.240338586,0.490243395,0.962056931,0.363772676,0
266.3383754,4.08697479,0.647896355,0.311036532,0.557706493,0.941501853,0.314632654,0
99.37591036,2.583753501,0.704889101,0.387704474,0.622659196,0.96542133,0.28175388,0
232.6393557,3.18487395,0.753610052,0.488407343,0.698861462,0.964442936,0.269294931,0
112.9956583,2.647759104,0.709475441,0.390008258,0.624506412,0.966224372,0.251890664,0
111.6761905,3.164845938,0.647875067,0.308456942,0.555389,0.968380335,0.279039669,0
204.1810924,3.463305322,0.671097217,0.34023071,0.583292988,0.950386329,0.283064711,0
228.6907563,3.78697479,0.665036159,0.344079416,0.58658283,0.938239493,0.325302694,0
122.1355742,2.283613445,0.779140388,0.52599479,0.725254983,0.958927411,0.243301779,0
316.5137255,4.162044818,0.656264226,0.332516811,0.576642706,0.937957001,0.342330365,0
237.8851541,3.328291317,0.735710364,0.466535173,0.683033801,0.957486525,0.29137136,0
218.4868347,3.321988796,0.681283264,0.350871633,0.592344185,0.963606138,0.307542836,0
253.0226891,3.363865546,0.746759679,0.48430178,0.69591794,0.952636866,0.276917454,0
92.71148459,1.865546218,0.838818552,0.648243886,0.805135942,0.964000853,0.204762515,0
163.9808123,3.127591036,0.679233039,0.354882237,0.595719932,0.965514512,0.300474737,0
142.6518207,3.292997199,0.654213651,0.328008733,0.572720467,0.952435322,0.332346906,0
252.6990196,3.320168067,0.748043452,0.48342944,0.695290903,0.95937168,0.273226115,0
182.6714286,3.093277311,0.711057171,0.404499466,0.636002725,0.953348856,0.302583722,0
125.0721289,2.193837535,0.790737874,0.54372551,0.737377454,0.956556703,0.223144107,0
176.8211485,3.070728291,0.725143569,0.422952004,0.650347603,0.951451756,0.251110832,0
262.412465,4.571568627,0.650060323,0.340616992,0.583624016,0.940197628,0.365395289,0
313.287535,4.531512605,0.668781035,0.369051454,0.607496053,0.940402608,0.34958595,0
230.0747899,3.745518207,0.619625429,0.261823984,0.511687389,0.955515698,0.335353457,0
273.5155462,3.662464986,0.696691598,0.380557448,0.616893385,0.951709898,0.315308407,0
76.62156863,2.083193277,0.764247963,0.499838337,0.706992459,0.974724469,0.239016661,0
110.92507,2.755462185,0.711053394,0.400900321,0.633166898,0.959497062,0.260834204,0
337.5336134,4.508963585,0.701153782,0.423115638,0.650473396,0.940299899,0.332215532,0
117.2998599,3.02745098,0.663459926,0.326978017,0.571819916,0.959100589,0.29106026,0
59.43543417,2.327030812,0.69552488,0.372789135,0.610564604,0.972601041,0.265539732,0
264.4704482,3.627170868,0.697845369,0.387595921,0.622572021,0.954972598,0.305387224,0
82.40938375,2.32254902,0.71712628,0.408381019,0.639046962,0.968742078,0.250219365,0
151.9120448,2.984453782,0.751853347,0.495372473,0.703827019,0.964438769,0.283493456,0
152.460084,3.399859944,0.64907905,0.317893089,0.563820085,0.9636969,0.465452492,1
145.5239496,3.080812325,0.728181159,0.453630982,0.67352133,0.959152751,0.377685565,1
267.3642857,3.717507003,0.717559599,0.43867548,0.662325811,0.961155505,0.386474832,1
156.1456583,3.488655462,0.668561821,0.348865379,0.590648271,0.961725689,0.444692853,1
121.4098039,3.111904762,0.658729654,0.318337109,0.564213709,0.974021051,0.466089045,1
156.4530812,3.199159664,0.6642698,0.335275591,0.57902987,0.962638005,0.453785894,1
289.1943978,4.373529412,0.633120454,0.304990388,0.552259349,0.956601302,0.474862459,1
145.8908964,3.040896359,0.698345437,0.395908707,0.629212767,0.962407936,0.413385302,1
193.8418768,2.579691877,0.784481541,0.538869136,0.734077064,0.960679995,0.32368182,1
176.8983193,3.188935574,0.73099723,0.455034357,0.674562345,0.969086587,0.376035405,1
205.3411765,3.388515406,0.674828378,0.338344524,0.581673898,0.95803849,0.451320862,1
195.3305322,3.421988796,0.726278593,0.456845905,0.675903769,0.948339953,0.375358695,1
248.6088235,3.927310924,0.6190003,0.2652751,0.515048639,0.955885211,0.501356273,1
195.1887955,3.503361345,0.648853407,0.30712128,0.55418524,0.964903851,0.473581775,1
276.1651261,3.821568627,0.696370369,0.385431104,0.620830978,0.953010769,0.420520676,1
172.4648459,3.635714286,0.626800377,0.283882318,0.532806079,0.963857492,0.488604307,1
185.4922969,3.495238095,0.680823719,0.369213146,0.607629119,0.960270803,0.431821639,1
171.1009804,3.206582633,0.675733922,0.336830487,0.580370991,0.956031079,0.452305389,1
118.8093838,2.939915966,0.704560021,0.409434539,0.63987072,0.966995126,0.405623382,1
116.6815126,2.696498599,0.734931555,0.45218404,0.67244631,0.967882354,0.377845031,1
201.0046218,3.308683473,0.705514656,0.403091423,0.634894812,0.968152674,0.410069415,1
127.372409,3.086554622,0.6768924,0.36846878,0.607016293,0.976005335,0.432448533,1
142.4007003,3.180812325,0.655746296,0.326858194,0.571715134,0.968863446,0.459042796,1
197.6140056,3.173389356,0.706656743,0.412199115,0.642027348,0.969234599,0.403468618,1
110.8988796,2.47535014,0.74234268,0.45891537,0.677432927,0.968677998,0.373649296,1
223.1320728,3.712885154,0.643275439,0.300673642,0.548337161,0.962910894,0.477057486,1
132.194958,2.877310924,0.723371326,0.43280932,0.657882451,0.963859392,0.390465469,1
186.0760504,3.747759104,0.667861405,0.3713541,0.6093883,0.971922329,0.429855576,1
117.7040616,3.272829132,0.626307572,0.275400386,0.524786038,0.965192331,0.495834782,1
151.8948179,3.360364146,0.687080558,0.391164897,0.625431769,0.963282159,0.417560656,1
209.0565826,3.120868347,0.742344753,0.464574291,0.681596868,0.96315791,0.370337463,1
240.3422969,3.995378151,0.649561697,0.308679835,0.555589628,0.945852485,0.471673244,1
171.9222689,3.71302521,0.663954596,0.345228807,0.587561748,0.96144148,0.446937394,1
121.5179272,2.557142857,0.747367868,0.474882522,0.689117205,0.973336271,0.363850317,1
144.9647059,3.01372549,0.705307834,0.405835236,0.637051989,0.959856837,0.408078096,1
72.73333333,2.618907563,0.685887407,0.37103612,0.609127343,0.978961152,0.430615386,1
205.4107843,3.075210084,0.782948064,0.556988099,0.746316353,0.955136299,0.312474096,1
212.560084,3.63627451,0.699054387,0.410279288,0.640530474,0.962728586,0.405321127,1
119.4620448,3.135854342,0.68880346,0.384189607,0.619830305,0.974307401,0.421006097,1
155.9773109,3.056862745,0.725115746,0.445734931,0.66763383,0.966384404,0.381969286,1
200.612605,3.922408964,0.683713741,0.397286405,0.630306596,0.967254619,0.413610726,1
231.0334734,2.905602241,0.78074863,0.539891054,0.734772791,0.962575387,0.32313361,1
139.9127451,2.997478992,0.713409063,0.424338275,0.651412523,0.968896359,0.39573481,1
161.4893557,3.623109244,0.643976713,0.316482642,0.5625679,0.963250818,0.466106876,1
215.2705882,3.702941176,0.685581941,0.389066813,0.623752205,0.960891553,0.418038974,1
247.0605042,3.874089636,0.709735599,0.423311354,0.650623819,0.953170483,0.396608417,1
106.7896359,2.974369748,0.679313976,0.370000775,0.60827689,0.976176001,0.43126132,1
175.2210084,3.561344538,0.649447759,0.3179706,0.563888819,0.96213262,0.465147877,1
267.7427171,3.868487395,0.689895128,0.390982687,0.625286084,0.954968523,0.416862887,1
237.6127451,4.279551821,0.637881433,0.318549773,0.564402138,0.948391281,0.464563573,1
114.1102241,2.855042017,0.69956908,0.399105446,0.631747929,0.964306705,0.411691027,1
195.6780112,2.911344538,0.753161656,0.486465351,0.697470681,0.966207119,0.356417061,1
160.6137255,3.235714286,0.666737567,0.335760383,0.579448343,0.965925362,0.453073368,1
181.5991597,3.383613445,0.703459871,0.408892165,0.639446765,0.967680506,0.40553922,1
207.4064426,3.73627451,0.655192674,0.329794575,0.574277437,0.954083443,0.457779742,1
83.48361345,2.453501401,0.7329051,0.44443653,0.66666073,0.97212449,0.380405506,1
166.9991597,3.673109244,0.690298808,0.401981518,0.634020124,0.963923486,0.409944324,1
87.27436975,2.635434174,0.693870329,0.376892257,0.613915513,0.965543637,0.426358902,1
120.7607843,2.604621849,0.705966077,0.384947508,0.620441382,0.971152752,0.420801298,1
123.6578431,3.141876751,0.718645087,0.451630132,0.672034324,0.972630713,0.378746887,1
163.0710084,3.206442577,0.648712214,0.294402761,0.542588943,0.963609286,0.481026164,1
269.1778711,4.275070028,0.64533269,0.323862378,0.569089078,0.948821256,0.460527066,1
99.2394958,3.002521008,0.631847977,0.275387292,0.524773563,0.968959428,0.494843388,1
188.8547619,3.919187675,0.629460351,0.29242087,0.540759531,0.953917001,0.482414202,1
91.47703081,2.700980392,0.690264931,0.376545991,0.613633434,0.96604652,0.426679434,1
143.5936975,3.032352941,0.684577843,0.354749439,0.595608461,0.966537329,0.440549497,1
89.53151261,2.624229692,0.702078883,0.390525946,0.624920752,0.970144979,0.416839379,1
231.4844538,3.881512605,0.621913264,0.273342984,0.522822134,0.959808749,0.497044087,1
156.5619048,3.237254902,0.670253238,0.336076803,0.579721315,0.956292452,0.453060259,1
271.8407563,4.219467787,0.677968818,0.384519916,0.620096699,0.957815505,0.421246181,1
235.9368347,3.476330532,0.732898631,0.463781346,0.681014938,0.956804406,0.370378876,1
108.4740896,2.815266106,0.681644621,0.345261242,0.587589348,0.955528223,0.446993911,1
304.5826331,3.959103641,0.703194871,0.410927047,0.641035917,0.952799212,0.403977955,1
268.8168067,3.459103641,0.734655593,0.459988721,0.678224683,0.954826354,0.37266385,1
132.0379552,3.151820728,0.700485032,0.408867684,0.639427622,0.965707075,0.405361395,1
168.7767507,3.724369748,0.651489345,0.339313372,0.582506114,0.969439195,0.450153463,1
199.0434174,3.477310924,0.66782837,0.33610045,0.57974171,0.961723041,0.453209691,1
136.2703081,2.805882353,0.755546615,0.502591811,0.7089371,0.97342634,0.346531969,1
168.6152661,3.765406162,0.691573843,0.401356229,0.633526818,0.968571255,0.410662454,1
261.6644258,3.784313725,0.694822776,0.39475552,0.628295726,0.956286964,0.414460803,1
75.9697479,2.118907563,0.739312139,0.426176451,0.652821914,0.96551555,0.394358817,1
178.9330532,3.13557423,0.728266217,0.447716273,0.669116038,0.94918311,0.380631438,1
202.129972,3.590056022,0.683532104,0.371263741,0.609314156,0.96136232,0.429754505,1
156.6880952,3.435294118,0.675862406,0.365895378,0.604892865,0.959460146,0.43356023,1
208.2710084,3.876890756,0.640267948,0.311458427,0.558084605,0.960332079,0.469315482,1
191.5257703,3.008683473,0.735636612,0.449130054,0.67017166,0.972842433,0.379803161,1
216.8427171,3.373109244,0.735194953,0.472401519,0.687314716,0.960495947,0.365185789,1
113.3469188,2.995378151,0.681515649,0.356226814,0.596847396,0.95779047,0.44006602,1
235.6855742,3.613165266,0.676759571,0.349306693,0.591021737,0.960685565,0.445229093,1
251.6778711,3.657002801,0.671968977,0.340979137,0.583934189,0.963238974,0.449044448,1
143.5810924,2.84789916,0.703168086,0.385873212,0.621186938,0.964424826,0.420743619,1
185.5057423,3.722969188,0.642552863,0.314842202,0.561108012,0.959318436,0.466931856,1
247.0385154,3.22535014,0.759053578,0.507160021,0.712151684,0.962445602,0.343696364,1
205.6764706,4.087815126,0.627169889,0.299983238,0.547707256,0.958891275,0.477481702,1
132.5589636,3.167507003,0.709902723,0.426335573,0.652943775,0.95702742,0.394153223,1
228.2693277,3.38627451,0.746909966,0.481689068,0.694038232,0.951623801,0.359786452,1
137.9340336,3.184033613,0.638793957,0.281586684,0.530647419,0.965876005,0.49008536,1
146.9443978,2.692997199,0.738316426,0.451740569,0.672116485,0.97211472,0.378137626,1
229.1638655,3.529271709,0.723465393,0.445000598,0.667083652,0.96095705,0.382776135,1
168.407563,3.59859944,0.630956977,0.291820356,0.540203994,0.967064538,0.483326941,1
122.8263305,3.024789916,0.718763254,0.443861113,0.666229024,0.976636727,0.383184261,1
121.4340336,3.310784314,0.702026376,0.420197216,0.648226208,0.975006653,0.398486761,1
153.6344538,3.052240896,0.718950104,0.424386951,0.651449884,0.965340533,0.395581677,1
101.802521,2.315686275,0.763102474,0.497087394,0.70504425,0.967873007,0.349958986,1
132.0840336,2.839215686,0.695018989,0.378175917,0.614960094,0.970800691,0.425414407,1
234.9665266,4.143837535,0.632597501,0.311219478,0.557870485,0.968873,0.470240086,1
228.7021008,3.31232493,0.7384866,0.463872627,0.681081954,0.953291225,0.370493563,1
202.2726891,3.320448179,0.678587653,0.348784278,0.590579612,0.963516717,0.44566863,1
181.0306723,3.219887955,0.693465679,0.372484553,0.610315126,0.966154979,0.428777384,1
174.7509804,3.56442577,0.666230365,0.349349093,0.591057605,0.95236671,0.444571373,1
204.9672269,3.619047619,0.704120973,0.414885846,0.64411633,0.947453891,0.401642962,1
259.2359944,3.894397759,0.702192398,0.41409046,0.643498609,0.952341502,0.40217449,1
203.4991597,3.315406162,0.693959094,0.3676863,0.606371421,0.95997399,0.432135019,1
204.4953782,3.682352941,0.635427262,0.284252407,0.533153268,0.954895334,0.488227877,1
129.9081232,2.837114846,0.705691325,0.389978943,0.62448294,0.968359914,0.41782103,1
189.0319328,3.090336134,0.735096944,0.460932746,0.678920279,0.955169955,0.372700971,1
133.7546218,3.280812325,0.678549756,0.357560142,0.597963328,0.956062626,0.438482522,1
138.1161064,2.707002801,0.756939029,0.49173542,0.70123849,0.963534301,0.352958525,1
117.2133053,3.074369748,0.713925274,0.441622159,0.664546581,0.970768275,0.384169198,1
160.7595238,3.227310924,0.661234366,0.331589253,0.575837871,0.968327911,0.456335411,1
106.8563025,2.877310924,0.655902008,0.30535421,0.552588645,0.971444059,0.474943449,1
247.8532213,4.209383754,0.634915561,0.308506658,0.555433756,0.954583786,0.472287176,1
147.9798319,2.671848739,0.746046223,0.475848516,0.689817741,0.972433637,0.363637281,1
156.1767507,3.645658263,0.6424719,0.318263492,0.564148466,0.950141147,0.464138497,1
216.7266106,3.796778711,0.680422795,0.374087841,0.611627208,0.955595743,0.427569406,1
189.5868347,3.596498599,0.686313164,0.387222732,0.622272233,0.95544774,0.419077147,1
184.4665266,3.01512605,0.751717502,0.494479566,0.703192411,0.966320437,0.351739419,1
148.7795518,3.06162465,0.702444836,0.397336072,0.630345994,0.964445554,0.413373682,1
253.5033613,3.041316527,0.779451854,0.539670986,0.734623023,0.965157458,0.323639509,1
192.459944,3.647619048,0.628277232,0.28704572,0.535766479,0.96139225,0.486100503,1
87.57044818,2.899579832,0.66211267,0.336865756,0.580401375,0.971430761,0.453613301,1
177.6983193,3.245518207,0.679793265,0.338721175,0.581997573,0.962980019,0.45097869,1
229.8543417,3.75070028,0.684780047,0.386630054,0.62179583,0.962028407,0.419512603,1
137.6963585,3.158403361,0.681524626,0.357397734,0.597827512,0.958479436,0.438838463,1
190.060084,3.221988796,0.719537292,0.438848402,0.66245634,0.970049559,0.386807067,1
178.7577031,3.440896359,0.661141814,0.330941916,0.575275513,0.959374646,0.456332196,1
219.5056022,3.699019608,0.63575199,0.286863726,0.535596607,0.960676221,0.486423456,1
173.3313725,3.166246499,0.72077602,0.43866733,0.662319658,0.966718045,0.386800138,1
192.582493,3.691036415,0.694056274,0.404738523,0.636190634,0.963406743,0.407925159,1
260.9404762,4.359383754,0.588372273,0.231979596,0.481642602,0.954692349,0.525435168,1
160.0620448,3.201680672,0.705417799,0.418142237,0.646639186,0.966478525,0.400258117,1
253.1392157,3.485994398,0.721262585,0.433787074,0.658625139,0.961426653,0.389840483,1
209.005042,3.331092437,0.716180481,0.428813663,0.654838654,0.963045897,0.392358211,1
139.1567227,3.382773109,0.669483332,0.353011871,0.594148021,0.963520477,0.442113756,1
258.5446779,3.819187675,0.70953683,0.436688617,0.660824195,0.965805276,0.388343774,1
336.7711485,3.928851541,0.736015729,0.465123245,0.681999447,0.951802697,0.37026127,1
259.6016807,3.838095238,0.72371138,0.458061646,0.676802516,0.948359225,0.374373327,1
266.2439776,4.257282913,0.609478454,0.263243601,0.513072706,0.955676732,0.503629368,1
97.92044818,2.987955182,0.682083825,0.376842551,0.613875029,0.973162477,0.425135484,1
97.30854342,2.826610644,0.672751654,0.333393357,0.577402249,0.95422242,0.455209534,1
186.0457983,3.639495798,0.632257741,0.287846423,0.536513208,0.96630698,0.485412038,1
145.4067227,3.194117647,0.711300306,0.421839952,0.649492072,0.96996437,0.397417672,1
206.8896359,3.46092437,0.696756894,0.395371394,0.62878565,0.957786268,0.414004897,1
110.0885154,3.145518207,0.651004428,0.316728839,0.562786672,0.960341243,0.466206423,1
99.41834734,2.604481793,0.686399723,0.344884003,0.587268254,0.967916614,0.447776915,1
132.9834734,2.886694678,0.696478724,0.37534403,0.61265327,0.966632207,0.426736851,1
179.652381,2.921708683,0.747303967,0.479266873,0.692291032,0.96082908,0.361393502,1
175.3544818,2.849159664,0.787623019,0.562540683,0.750027121,0.967950611,0.308944054,1
226.0271709,3.681512605,0.683611405,0.376916031,0.613934875,0.960071447,0.427034954,1
132.8855742,3.233193277,0.685202317,0.389501752,0.624100754,0.962813024,0.418705124,1
131.9984594,2.807563025,0.721747819,0.4261423,0.652795757,0.96898578,0.394407368,1
335.5172269,5.045098039,0.574671428,0.223771999,0.473045451,0.94877115,0.532422826,1
265.937535,3.751680672,0.727183533,0.45313343,0.673151862,0.958898466,0.377481917,1
161.0415966,3.153221289,0.728005805,0.4591971,0.677640834,0.970563116,0.373481002,1
134.1726891,2.909383754,0.705678962,0.397783682,0.630700945,0.9588907,0.412364398,1
90.93081232,2.570728291,0.712019626,0.410142989,0.640424069,0.978232347,0.404683627,1
185.6666667,3.600560224,0.631929321,0.293706198,0.541946675,0.968249641,0.481134744,1
147.1135854,2.755602241,0.756373037,0.492130303,0.701519995,0.964140037,0.353140953,1
206.232493,3.844677871,0.622175042,0.274301544,0.523738049,0.960724934,0.495124825,1
186.6245098,3.802941176,0.644378729,0.317355776,0.563343391,0.966666577,0.465166643,1
135.4095238,3.171148459,0.663956293,0.341655231,0.584512815,0.970757878,0.449406919,1
152.4836134,3.057282913,0.711087047,0.416695619,0.645519651,0.962914895,0.400661005,1
219.3823529,3.513165266,0.697567312,0.40146388,0.633611774,0.958284886,0.410716431,1
86.89453782,2.42464986,0.751853242,0.476381219,0.690203752,0.959500097,0.362605702,1
153.3904762,3.549159664,0.618372672,0.266828741,0.516554684,0.963023414,0.500163477,1
142.9315126,2.684173669,0.738595241,0.455353455,0.674798826,0.974969905,0.375947417,1
144.2413165,3.364705882,0.634142751,0.289208576,0.53778116,0.963241908,0.486189332,1
126.2098039,3.179131653,0.68184587,0.359340511,0.599450174,0.954134313,0.437623625,1
163.6848739,3.658123249,0.61570687,0.277285296,0.526578861,0.96932275,0.493218503,1
281.4766106,3.892717087,0.693730246,0.384391462,0.619993115,0.949261809,0.421219271,1
188.8245098,3.083193277,0.703696367,0.387525755,0.622515667,0.96176335,0.419118941,1
121.3858543,2.820028011,0.650885812,0.298535404,0.546383935,0.971410047,0.47815649,1
214.8338936,3.692717087,0.638478345,0.286040671,0.534827702,0.958050347,0.486759667,1
270.9763305,4.157142857,0.636604211,0.302319163,0.549835578,0.954507636,0.476371563,1
132.194958,2.877310924,0.723371326,0.43280932,0.657882451,0.963859392,0.390465469,1
91.48095238,2.80952381,0.726403657,0.451541126,0.671968099,0.974578231,0.378416688,1
225.7736695,4.045098039,0.620600884,0.275175923,0.524572134,0.949318554,0.494955901,1
170.4768908,3.638935574,0.642390021,0.298722283,0.546554922,0.955871827,0.477407883,1
252.2191877,4.034033613,0.646377951,0.311005284,0.557678478,0.951636471,0.469970761,1
220.5732493,3.893137255,0.63935715,0.314683883,0.560966918,0.959377418,0.467095867,1
145.432493,3.021428571,0.738952457,0.46151493,0.679348901,0.958887746,0.37270581,1
132.1383754,2.937815126,0.686036698,0.366196989,0.605142123,0.974583398,0.433212654,1
180.0568627,3.175910364,0.72727878,0.445243656,0.667265806,0.962811579,0.382325236,1
197.8635854,3.308123249,0.686150034,0.366799249,0.605639537,0.968296655,0.433482559,1
214.9427171,3.891176471,0.673246581,0.380883255,0.617157399,0.971868583,0.423307445,1
192.9145658,3.656162465,0.636823687,0.311158424,0.557815762,0.966987647,0.469519264,1
246.8848739,4.078711485,0.626852092,0.277438289,0.526724111,0.948065773,0.494175828,1
84.34201681,2.887815126,0.61771501,0.246747199,0.496736549,0.962145051,0.515155373,1
227.4207283,4.26022409,0.637411586,0.321629613,0.567123983,0.951663336,0.462371379,1
235.4238095,3.283613445,0.727234182,0.434083163,0.658849879,0.957248127,0.389424723,1
198.6607843,3.519607843,0.66047505,0.328132361,0.572828387,0.960329644,0.457563037,1
180.9247899,3.164705882,0.738671801,0.47741628,0.690953168,0.963270157,0.362249704,1
205.3746499,3.332212885,0.704903475,0.410048578,0.640350356,0.966107584,0.405188986,1
125.1204482,2.901260504,0.714144197,0.408864055,0.639424785,0.963042374,0.405390519,1
155.1196078,2.962605042,0.693711974,0.368146435,0.606750719,0.964606996,0.431283507,1
200.9851541,3.672408964,0.66295672,0.341972161,0.584783859,0.965256885,0.448359023,1
108.4719888,3.00952381,0.645980365,0.299515061,0.547279692,0.965917674,0.477724252,1
228.1116246,3.992857143,0.638027579,0.308439327,0.555373142,0.951659074,0.472080467,1
196.5228291,3.195378151,0.72906917,0.440418932,0.663640665,0.964887292,0.385306075,1
191.9068627,3.855882353,0.625855685,0.278650009,0.527873099,0.948718816,0.492751115,1
221.3093838,3.682633053,0.703981387,0.412656386,0.642383364,0.953343518,0.403571708,1
164.4247899,3.53837535,0.644404239,0.31080749,0.557501112,0.962580112,0.469794218,1
215.0851541,3.616666667,0.687652834,0.382785987,0.618697007,0.958865784,0.422439944,1
120.2236695,3.364005602,0.614567606,0.261869346,0.511731713,0.964334671,0.504531679,1
136.4586835,3.444117647,0.660495445,0.350321638,0.59187975,0.970483385,0.443566005,1
187.6833333,3.811904762,0.681160105,0.386865589,0.6219852,0.962354176,0.420018007,1
129.8309524,3.162885154,0.698501434,0.397449382,0.630435866,0.95677474,0.41304764,1
195.9621849,3.629691877,0.672308492,0.352170476,0.59343953,0.950898192,0.442186309,1
135.4757703,2.754901961,0.69034259,0.34501482,0.587379621,0.969285907,0.446924194,1
178.5677871,3.565406162,0.635460701,0.284483882,0.533370305,0.954571717,0.487898106,1
195.7927171,3.655462185,0.676997915,0.369909807,0.60820211,0.95759136,0.431130094,1
169.8502801,3.32745098,0.667152086,0.33465188,0.578491037,0.963027902,0.454242565,1
250.2815126,4.245938375,0.589379166,0.234027533,0.483763922,0.951798003,0.524238094,1
168.0536415,2.784313725,0.740901417,0.459701528,0.678012926,0.973780652,0.373301332,1
127.3457983,3.106722689,0.710203024,0.415079551,0.644266677,0.955777906,0.401875703,1
198.9978992,3.917226891,0.629389488,0.292569391,0.540896839,0.956078996,0.482237576,1
83.06834734,2.642577031,0.701710774,0.401678387,0.633781025,0.97430886,0.410327056,1
81.79327731,2.675770308,0.703112783,0.401923083,0.63397404,0.967135556,0.410493211,1
176.0532213,3.406582633,0.685298222,0.378898589,0.61554739,0.960454459,0.42471428,1
196.6478992,3.464565826,0.682413394,0.370621082,0.608786565,0.959891374,0.430945039,1
194.290056,3.471568627,0.660920206,0.329493425,0.574015178,0.958618484,0.457239785,1
97.38123249,2.939495798,0.701587299,0.404148248,0.635726551,0.962182948,0.408374885,1
124.4969188,3.192997199,0.699357829,0.415601976,0.644671991,0.967384444,0.401052297,1
153.2485994,3.327030812,0.682198545,0.371113651,0.609190981,0.973151798,0.429919205,1
283.1208683,4.156582633,0.686585919,0.385058533,0.620530848,0.952708306,0.421331857,1
150.1511204,3.187955182,0.6522021,0.299111537,0.546910904,0.96280668,0.477864838,1
214.9271709,3.332773109,0.702843155,0.402991334,0.634815984,0.968416421,0.40923176,1
110.4033613,2.454341737,0.737915534,0.45419201,0.67393769,0.961103267,0.376872205,1
107.0079832,2.739915966,0.710219548,0.40194976,0.633995079,0.970295245,0.409896853,1
114.9753501,3.331372549,0.645234559,0.322111011,0.567548246,0.964373578,0.462422348,1
103.2558824,3.128571429,0.632675233,0.283602931,0.53254383,0.96705241,0.489110042,1
99.0452381,2.39929972,0.754093119,0.491441557,0.701028927,0.975076737,0.353242578,1
224.6151261,3.486554622,0.707165006,0.404535049,0.636030698,0.96002023,0.40880414,1
161.282493,3.816386555,0.617842753,0.2794324,0.528613659,0.965182385,0.491455452,1
218.7154062,3.895378151,0.652328562,0.327547784,0.572317905,0.949512017,0.458280255,1
194.9383754,3.432072829,0.715214006,0.420904293,0.648771372,0.954644038,0.398618181,1
140.5878151,2.686834734,0.72664825,0.426070016,0.65274039,0.971959917,0.394687096,1
180.1869748,2.670308123,0.781459427,0.545151443,0.738343716,0.964940649,0.320413491,1
173.8687675,3.473109244,0.646316852,0.299724135,0.54747067,0.966383404,0.47771963,1
97.26554622,2.828151261,0.67148328,0.341119261,0.58405416,0.967035434,0.450271492,1
208.714986,3.661484594,0.687855583,0.38924661,0.623896314,0.961076623,0.418267025,1
220.2057423,4.194817927,0.639205763,0.322409993,0.567811583,0.955087286,0.462010531,1
184.2927171,3.378151261,0.711044366,0.421342753,0.649109199,0.969763525,0.397701385,1
234.6070028,3.917927171,0.63114962,0.29434155,0.542532534,0.952669001,0.482235894,1
178.8614846,3.18767507,0.743817626,0.479843025,0.692707027,0.950569723,0.360671971,1
225.9114846,4.623669468,0.62716959,0.316527346,0.562607631,0.958179897,0.466183857,1
111.5572829,3.110784314,0.70910863,0.427783849,0.65405187,0.966974374,0.393706147,1
212.1960784,3.371848739,0.742008145,0.480790601,0.693390655,0.940924904,0.360589103,1
93.17296919,2.529831933,0.732555723,0.443405097,0.6658867,0.970556016,0.381856523,1
189.6358543,3.501680672,0.721868486,0.450137624,0.670922964,0.958403298,0.379324218,1
141.2822129,3.055042017,0.680923208,0.3539649,0.594949493,0.966195948,0.441605524,1
99.6394958,2.535854342,0.753890932,0.498234745,0.705857454,0.966981956,0.349653368,1
144.0967787,3.058403361,0.722182812,0.447232825,0.668754682,0.973322261,0.380868875,1
194.1768908,3.931932773,0.607030634,0.254712012,0.504690016,0.952614118,0.509922568,1
135.5836134,3.390196078,0.640494599,0.305760059,0.552955748,0.964885651,0.474429464,1
122.8001401,3.122408964,0.698265421,0.403333225,0.635085211,0.964286221,0.408483275,1
261.2614846,4.032072829,0.647153237,0.325852145,0.570834604,0.959088971,0.459893417,1
137.5361345,2.978291317,0.719812528,0.438750128,0.662382161,0.964616196,0.386684211,1
136.5344538,2.882773109,0.712134305,0.415169283,0.644336312,0.975689921,0.401490023,1
276.3436975,4.29929972,0.593725864,0.235641963,0.485429668,0.957596475,0.523560846,1
111.9616246,2.654061625,0.746335173,0.488889164,0.699206095,0.968533584,0.355475128,1
206.3858543,3.257282913,0.725007475,0.430321325,0.655988814,0.954286989,0.392107151,1
121.3089636,2.791036415,0.725046197,0.421559545,0.64927617,0.961385609,0.397405872,1
171.9113445,2.80280112,0.753082406,0.482757034,0.694807192,0.966764924,0.359290445,1
167.685014,3.045938375,0.737487987,0.46340141,0.680735932,0.950145867,0.370839146,1
212.7204482,3.466106443,0.710170403,0.423784092,0.650987014,0.960121933,0.396254881,1
222.5156863,3.628291317,0.722753283,0.438289777,0.662034574,0.957434607,0.38669916,1
195.722409,3.791736695,0.650584816,0.326828133,0.571688843,0.950709865,0.458815423,1
216.9528011,3.262184874,0.72404171,0.424683893,0.651677753,0.960817299,0.395568383,1
118.2936975,2.891036415,0.675619589,0.347264759,0.589291743,0.963755006,0.445361031,1
163.7670868,2.844257703,0.737369483,0.456000233,0.675277893,0.972805104,0.375807326,1
133.2743697,3.109943978,0.652637458,0.304047305,0.551404847,0.963480122,0.474831791,1
141.9570028,3.337955182,0.654648122,0.331262201,0.575553821,0.965433235,0.457167108,1
82.22086835,2.45280112,0.700962013,0.37391331,0.611484514,0.968116402,0.428075592,1
143.2788515,3.090756303,0.648994816,0.294658324,0.542824395,0.96305753,0.481120715,1
114.52507,2.56302521,0.745641105,0.479539247,0.692487723,0.975805533,0.360654222,1
193.3985994,3.469467787,0.725245561,0.452210159,0.67246573,0.958940074,0.378157664,1
247.7885154,3.237394958,0.745366275,0.466169321,0.682765934,0.957168557,0.369427746,1
94.3210084,2.498039216,0.702140056,0.374670368,0.612103233,0.97222151,0.427406127,1
156.862605,3.535714286,0.64530402,0.315396364,0.561601607,0.96051192,0.466792457,1
103.7682073,2.837955182,0.654759328,0.305191763,0.552441638,0.970400735,0.474547255,1
194.9886555,3.448319328,0.702255997,0.410836276,0.640965113,0.962508882,0.404819265,1
245.7567227,4.299439776,0.596783869,0.251475257,0.501473087,0.957152074,0.510865158,1
261.4441176,3.885154062,0.699152216,0.412554973,0.642304424,0.961707516,0.403860274,1
134.1705882,3.366946779,0.680086937,0.376332562,0.613459504,0.968496436,0.426391371,1
273.3030812,3.548459384,0.704949978,0.401844826,0.633912317,0.958665661,0.410168525,1
242.2466387,3.775770308,0.724286578,0.460131003,0.678329568,0.960568424,0.373050475,1
191.7953782,3.850560224,0.679740293,0.384436304,0.620029277,0.952402182,0.42117648,1
73.19439776,2.18977591,0.763958963,0.497096898,0.705050989,0.964723261,0.350304947,1
220.6026611,3.79719888,0.659273394,0.34450899,0.586948882,0.966061636,0.447125301,1
66.77535014,2.542997199,0.671331729,0.324514168,0.569661451,0.972646051,0.460346486,1
276.7368347,3.768207283,0.719548524,0.43793897,0.661769574,0.955511782,0.3866734,1
178.2983193,3.759243697,0.643132231,0.31711976,0.563133874,0.966400975,0.465352047,1
191.72493,3.393557423,0.709923167,0.423787574,0.650989688,0.958144464,0.395593016,1
345.6936975,5.120728291,0.573899367,0.224329359,0.473634204,0.949857309,0.531248662,1
178.2983193,3.759243697,0.643132231,0.31711976,0.563133874,0.966400975,0.465352047,1
131.1855742,2.96092437,0.725970711,0.447788243,0.669169816,0.96217238,0.380430323,1
268.7528011,3.716526611,0.709433056,0.425514775,0.652314935,0.950144435,0.394646797,1
192.4386555,3.161764706,0.700579114,0.391988629,0.626089953,0.966646948,0.416039906,1
166.9777311,3.590336134,0.680005511,0.378737672,0.615416665,0.96605342,0.425044369,1
124.2964986,2.820588235,0.651777798,0.30014294,0.547853027,0.972031019,0.47691578,1
253.2971989,3.455882353,0.738776033,0.465114683,0.681993169,0.956673556,0.369963532,1
252.4127451,3.273389356,0.775424205,0.54461872,0.737982872,0.958674992,0.320142179,1
160.9603641,3.207563025,0.692684488,0.375209427,0.612543408,0.964273835,0.427384686,1
185.4791317,3.641316527,0.643346665,0.316189368,0.562307183,0.96135577,0.466111175,1
120.1988796,2.855602241,0.736723852,0.457742489,0.676566692,0.960687395,0.374534901,1
163.5303922,3.278571429,0.711640816,0.42005464,0.648116224,0.952839681,0.398815945,1
70.11890756,2.250560224,0.752626549,0.484886337,0.696337804,0.971944997,0.356982078,1
255.1985994,3.839215686,0.713679752,0.436272323,0.660509139,0.95381735,0.388164669,1
222.4606443,3.544257703,0.688079986,0.375405035,0.612703056,0.958911464,0.4278253,1
162.9512605,3.35280112,0.665457164,0.347357306,0.589370262,0.969581409,0.445099335,1
130.3826331,3.010084034,0.691863936,0.376876613,0.613902772,0.961687469,0.42623921,1
94.45392157,2.553081232,0.716362454,0.409709805,0.64008578,0.96852771,0.404827249,1
236.2028011,3.407142857,0.738211407,0.45624283,0.675457497,0.948117816,0.3761311,1
144.9693277,3.163305322,0.708689742,0.411800426,0.64171678,0.956448103,0.404103826,1
90.39607843,3.032352941,0.685416113,0.384285234,0.61990744,0.970814958,0.421465619,1
213.6232493,2.851820728,0.779732656,0.539789141,0.734703438,0.963302165,0.323424942,1
72.76848739,2.103641457,0.769509008,0.511170556,0.714961927,0.969469571,0.339879897,1
214.6927171,4.097759104,0.638486025,0.314390423,0.560705291,0.94874869,0.468504045,1
242.5434174,3.856302521,0.716784231,0.446376178,0.668113896,0.956275916,0.381480819,1
58.37016807,2.378851541,0.730705837,0.45033277,0.67106838,0.978010376,0.377731237,1
181.9908964,3.822128852,0.652236997,0.336230208,0.579853609,0.968491568,0.453017426,1
161.3305322,3.075210084,0.715348081,0.4144079,0.643745214,0.963566158,0.40242826,1
218.8885154,3.414565826,0.723333913,0.441956018,0.664797727,0.954994933,0.385033536,1
139.5316527,2.79047619,0.705277591,0.393029751,0.626920849,0.971863006,0.415889265,1
238.0654062,3.888795518,0.657712634,0.344498829,0.586940226,0.958590226,0.447377185,1
188.4331933,3.505322129,0.646780112,0.305907,0.553088601,0.961739778,0.474365325,1
260.4663866,3.59859944,0.731159337,0.463206283,0.680592597,0.955410514,0.371007761,1
171.7556022,3.329831933,0.683670296,0.364172159,0.603466784,0.96306767,0.434201426,1
81.9245098,2.859803922,0.685235298,0.380386066,0.616754462,0.974585577,0.422908117,1
292.4333333,3.57745098,0.724180111,0.426693991,0.65321818,0.955797732,0.39439488,1
211.760084,3.721288515,0.650013922,0.301945141,0.549495351,0.956991041,0.476578883,1