perimeter,contrast,dissimilarity,homogeniety,asm,energy,correlation,ent
1.09646659088006,189.511344537815,2.65896358543417,0.738106132797897,0.410251875259907,0.640509075080055,0.961623669040007,0.40441286793932
1.15888424978384,107.534733893557,2.440756302521,0.686700236655561,0.3063706168742,0.553507558100339,0.961367903078398,0.473104626038783
1.10147198582228,297.653641456582,3.6922969187675,0.657460167290653,0.290183504774458,0.538686833674686,0.945408767190577,0.484393230109253
1.10235506140838,53.7112044817927,2.12156862745098,0.648169752745958,0.234748114932247,0.484508116477162,0.9804625154914,0.524338027013217
1.09935952556499,196.848039215686,3.0892156862745,0.665459707757784,0.289586658192688,0.53813256563108,0.949522096325882,0.484228443852622
1.10295692786579,133.216526610644,2.52829131652661,0.711716727977216,0.376647590408712,0.613716213252275,0.966083826281674,0.42607533247807
1.1048635449979,143.832773109243,2.4501400560224,0.717875333577562,0.358939252171456,0.599115391365851,0.957874869087296,0.437942276146763
1.10685682311754,149.059103641456,2.86330532212885,0.678236011567379,0.318218503087509,0.564108591573918,0.965748417984089,0.464810886517078
1.10049581010581,259.946078431372,3.68725490196078,0.606101186160829,0.223115353984731,0.472350880156617,0.954006640854707,0.532206106287023
1.10815109217638,191.423809523809,2.99649859943977,0.643314673709747,0.250901644971714,0.500900833470772,0.963882283882905,0.512096461932053
1.10391530636947,155.869467787114,2.45770308123249,0.729083485649761,0.384569876970396,0.620136982424364,0.965087668127917,0.420976704078202
1.10304614093478,285.506162464986,3.76554621848739,0.62804050016733,0.234094274964887,0.483832899837214,0.94400478331696,0.52576663338127
1.13592178208012,133.405462184874,2.26778711484593,0.745823336428369,0.416070800869367,0.645035503572762,0.961776177711084,0.401106362209092
1.17036953153756,137.577310924369,2.43347338935574,0.709715434589467,0.353829472965656,0.594835668874737,0.964849378646907,0.441964030648649
1.15411773457706,69.3337535014005,1.74887955182072,0.771110919451656,0.450992926582397,0.671560069228656,0.961792217798003,0.378754359842512
1.08741453512375,174.726890756302,3.37002801120448,0.611073841277453,0.231186494205525,0.480818566826953,0.958102653253203,0.527038239021004
1.08339991115467,124.413305322128,2.30154061624649,0.738278927833239,0.394341001106324,0.627965764278853,0.962145324650478,0.415059101723112
1.09924674160044,236.729831932773,2.62689075630252,0.769967395070509,0.471669991526022,0.68678234654512,0.962388314345182,0.365887507074366
1.0959943565615,92.9718487394958,2.41694677871148,0.686730294830241,0.316383877080243,0.562480112608653,0.971842231490913,0.466064896077707
1.15102875041074,165.335154061624,2.70182072829131,0.704514020976194,0.350664893408343,0.592169649178631,0.959585176463715,0.443886436381684
1.15488268476486,186.450560224089,2.67016806722689,0.729737356672255,0.402639644092931,0.634538922441272,0.959889993658912,0.40892999822008
1.13273021739912,211.429551820728,3.37997198879551,0.616141822259917,0.210925321108835,0.459266067883134,0.952193123488282,0.542167908999033
1.10556810981946,204.614145658263,3.19985994397759,0.630164041174948,0.234834267040149,0.484597015096202,0.959646170521353,0.52428226184787
1.11155047998833,123.484733893557,2.62871148459383,0.654110614677076,0.258659650134563,0.508585931907837,0.965139972920807,0.506523426831619
1.1278331907908,194.163585434173,3.11218487394957,0.648002353695615,0.262821187298448,0.512660889183531,0.958406300125273,0.504139871004227
1.1044069487583,195.286834733893,2.99033613445378,0.700685899309094,0.356700425268146,0.597244024891121,0.960177569532145,0.439428053081032
1.09403746957344,247.471428571428,3.16764705882353,0.694154053880615,0.333547821089219,0.577535991163511,0.951460137309211,0.455694780525014
1.09343113959997,201.423949579832,2.97072829131652,0.70107282390821,0.345902802297389,0.58813502046502,0.959480115686973,0.446725209943581
1.1146882216533,212.887535014005,3.13067226890756,0.663851777078332,0.292393339688816,0.540734074836066,0.957712891010686,0.482236749490539
1.14026597630027,244.788655462184,4.12689075630252,0.534121052899252,0.136673630236408,0.369693968352755,0.94257107932669,0.602608328153952
1.10582523926202,252.56806722689,3.45070028011204,0.656313594679525,0.285694326750308,0.534503813597534,0.948446357679224,0.487441069009451
1.10111136057928,224.520728291316,3.1501400560224,0.678163436486054,0.313643496614332,0.560038834916233,0.962213622402169,0.468326562978775
1.10200487363019,148.960924369747,2.90238095238095,0.643984264456794,0.240447227910772,0.49035418618665,0.95991055562653,0.519464934380314
1.09157733710268,280.91806722689,3.85070028011204,0.608380377555044,0.209440923428194,0.457647160406567,0.940925188161676,0.543882067748383
1.08871784397905,261.648319327731,3.36120448179271,0.674242865019252,0.31116879104583,0.557825054157511,0.946696790265143,0.469937429046875
1.0913161184741,324.330812324929,3.74859943977591,0.654545583214666,0.274990152923914,0.524395035182365,0.949707183643213,0.495455805338016
1.09357706234909,196.917366946778,3.15126050420168,0.67657431356456,0.315881205423345,0.562033099935711,0.942885307745261,0.466308205810873
1.0952387604533,261.489495798319,3.46862745098039,0.668780363340876,0.310149628478842,0.556910790413368,0.955183698303521,0.471073281876199
1.10966950848055,140.824929971988,2.55672268907563,0.690591870475072,0.309091057991824,0.55595958305602,0.964621773259256,0.471003175647456
1.10838088517735,210.508963585434,2.98683473389355,0.684356872803275,0.316291349873282,0.562397857280131,0.957645115714151,0.466688876357377
1.09805369562568,278.365686274509,3.82731092436974,0.59266881476339,0.186007177380756,0.43128549405325,0.948818759815101,0.561939746496947
1.09617640250721,202.197899159663,3.25574229691876,0.626668014731354,0.239249984307448,0.489131868014596,0.961996477723954,0.521405800345965
1.09524572070812,177.633473389355,2.88375350140056,0.675703955319277,0.300491637831603,0.548171175666509,0.968132854037089,0.477669699150085
1.09461280149435,227.263025210084,3.29397759103641,0.687406964438836,0.346414369669436,0.588569766187014,0.949886810742649,0.446476275368633
1.08611513449529,212.648319327731,2.743837535014,0.747661580144437,0.429971351285612,0.655722007626412,0.955930329400914,0.392720202780362
1.08818260620734,104.792577030812,2.01372549019607,0.742911280498887,0.391043289864965,0.625334542357101,0.964887468852569,0.416871153583605
1.09196118892864,182.70756302521,3.11750700280112,0.700899683272432,0.365180189722948,0.604301406355262,0.956774343783149,0.433968386276057
1.10018024232208,161.435434173669,2.89117647058823,0.667598137736481,0.284652370752222,0.533528228636707,0.95900721572985,0.487858008330663
1.10237636414574,242.213025210084,3.62591036414565,0.611692436752749,0.21723247141994,0.466082043657488,0.952064420635342,0.536731899935466
1.11024480072473,218.650140056022,2.57492997198879,0.756267975808874,0.441128706384514,0.664175207595491,0.963154239298702,0.38510111582343
1.12629735925744,157.41806722689,3.14565826330532,0.632554296510788,0.257989637031283,0.507926802828205,0.96099434340292,0.508295499444594
1.09836329357876,182.575210084033,3.15854341736694,0.63050586713701,0.244723722822462,0.494695586014735,0.963087756126648,0.516546575472935
1.09551181451377,150.294537815126,2.79271708683473,0.684113753058246,0.324512403000415,0.569659901169474,0.960536020391049,0.460604739399886
1.09709543636918,200.855182072829,3.22296918767506,0.629874240849786,0.252216190397727,0.502211300547615,0.962092543299746,0.511515237917788
1.11988768673509,258.278151260504,3.76176470588235,0.612705705843208,0.223517122535288,0.472775974997977,0.947670220255209,0.532633208994355
1.10262998616467,233.510784313725,3.34565826330532,0.631700682625699,0.247255549278535,0.497247975640459,0.960570959798446,0.514719986688688
1.10980345787303,169.478011204481,2.85392156862745,0.67578615968856,0.304892976798562,0.552171148104066,0.967277403358145,0.47430771519088
1.09688621339097,141.572408963585,2.90280112044817,0.655793735763095,0.263701353090255,0.513518600529967,0.963137892523868,0.503200213212182
1.1379050296078,182.129551820728,3.01694677871148,0.6791456563022,0.310804763081703,0.557498666439394,0.954498782183733,0.470245847944448
1.09406086174092,164.04131652661,2.8844537815126,0.657351605718804,0.269367913832199,0.519006660681921,0.967498736309034,0.499307869674836
1.0866362493871,170.062184873949,2.91246498599439,0.657656962549438,0.258774176337201,0.508698512222319,0.957882262882141,0.506282489689402
1.12908467581005,143.851540616246,2.71484593837535,0.645921292749765,0.246022526657721,0.496006579248422,0.958392499414826,0.515349833971278
1.10193592360061,239.735994397759,3.84271708683473,0.606956897288423,0.225138918312423,0.474488059188451,0.946147499989827,0.531837916221306
1.13351789566439,167.694537815126,2.77885154061624,0.68995526557483,0.323858974962534,0.569086087479332,0.953229466637216,0.46256040010702
1.08944011170873,200.542016806722,3.23837535014005,0.628919174706143,0.239398023915448,0.489283173546207,0.962222786432525,0.520745827801822
1.10777035272968,134.862745098039,2.3126050420168,0.734036225221921,0.373316454032593,0.610996279884414,0.963617942632425,0.428638072148826
1.1058331927694,173.270168067226,3.05840336134453,0.651509323194667,0.282364602703826,0.531379904309361,0.965236171911511,0.488977337884547
1.12934524468727,121.041176470588,2.24663865546218,0.715956561832809,0.359233154045932,0.599360621033724,0.969705434569577,0.437688194912276
1.09907769170465,217.174929971988,3.38543417366946,0.661070885427509,0.297959487716655,0.545856654916522,0.956087271238506,0.478422663570643
1.08850580752473,152.237394957983,2.90896358543417,0.639873921341695,0.244891309464962,0.494864940630231,0.952773279854678,0.516750885997519
1.10953804422652,161.215546218487,2.94719887955182,0.694688786747769,0.378446221625905,0.615179828689063,0.966153124493734,0.425524064650297
1.09074276827824,164.820448179271,2.81624649859944,0.658965326287426,0.276687066983656,0.526010519841244,0.966926736894101,0.493245908060624
1.09070693752107,153.952240896358,2.95126050420168,0.693986864315634,0.349709628949619,0.591362519060532,0.961199236073083,0.444394614297872
1.12520520038895,152.115406162465,3.22086834733893,0.637073835446764,0.267702316220605,0.51739957114459,0.957398808821764,0.501591352291661
1.11211783903438,191.106722689075,2.90308123249299,0.695475137386451,0.331050086701347,0.575369521873853,0.961653285948371,0.45609797983351
1.10131895124791,191.712324929972,3.49789915966386,0.610395363822729,0.23299807177773,0.482698738114914,0.959444742403246,0.525067688652836
1.09880830138573,182.114425770308,2.84495798319327,0.67841948996367,0.305852488054045,0.553039318723402,0.967394766449667,0.473405474975467
1.105623239884,254.407142857142,3.59257703081232,0.654973527767427,0.298494888151338,0.546346856997767,0.946379729655343,0.478238815808299
1.09954400039127,208.247478991596,3.30042016806722,0.640578195042439,0.258617417555257,0.508544410602709,0.960935710149097,0.507745253742067
1.1094267094869,203.507703081232,3.25560224089635,0.632829435138797,0.253623223799323,0.503610190325139,0.961229699628745,0.510842944199438
1.09525194592381,226.190476190476,3.17577030812324,0.678757635416847,0.311171900132602,0.55782784094432,0.948992327154569,0.469707265624956
1.09383561928888,242.154341736694,3.34439775910364,0.659418115137789,0.281280012004802,0.530358380724583,0.951077787896928,0.490826652471789
1.12035166358322,164.983613445378,3.09719887955182,0.616206636692316,0.220809902392329,0.469904141705869,0.962376981130214,0.534198781796994
1.09663024785306,151.05756302521,3.05420168067226,0.61374755841655,0.212014089949705,0.460449877782267,0.964106397578925,0.541630986775625
1.09795665590167,201.226890756302,2.99831932773109,0.684233238882656,0.313346230649122,0.559773374366021,0.955693086215498,0.467967375941797
1.09835700847335,298.959243697479,3.62464985994397,0.672118842840563,0.311925113182528,0.558502563273014,0.94962135069729,0.469566224348648
5.73764414529018,157.530952380952,3.48067226890756,0.48651692341268,0.0695982412572872,0.263814785895876,0.955940701663581,0.670008417869576
1.11014960677495,228.27619047619,3.2626050420168,0.651478335353013,0.266368645497414,0.516109141071357,0.956614841318477,0.501106686480278
1.10182485206794,191.857282913165,3.09005602240896,0.65681221683865,0.290232573421525,0.538732376437063,0.961688938254272,0.48473286678067
1.10306844426184,176.986554621848,2.94215686274509,0.679538728384522,0.322480747200841,0.567873883182561,0.958300457850846,0.462077442002114
1.10116873841973,154.619747899159,2.90504201680672,0.678130543194063,0.311716941678632,0.558316166413468,0.963947810929623,0.468991963736084
1.10061089819194,194.831092436974,3.3672268907563,0.621737934999247,0.231835910834922,0.481493417229064,0.959709768230639,0.526213672809765
1.13506175185462,223.246078431372,2.98277310924369,0.703434698821598,0.344934287440466,0.587311065314171,0.960526591803237,0.447366265012704
1.12773869300647,184.150840336134,2.73403361344537,0.690869202961,0.314839278848794,0.561105407966092,0.956959968923177,0.467295385084106
1.10912624331115,240.014705882352,3.1593837535014,0.686605834484522,0.32432127753062,0.569492122448256,0.957225054392112,0.461397064364138
1.09417598009548,237.512464985994,3.13963585434173,0.693237437767008,0.330473277546312,0.574868052292274,0.958793474427573,0.457216629187273
1.10921806048009,207.970308123249,3.36582633053221,0.651713248419757,0.275567050349551,0.524944806955504,0.944864530440925,0.495847964848003
1.09932250481156,259.993977591036,4.0875350140056,0.567020369646845,0.164689091322803,0.405819037654474,0.93512295761914,0.578709826636883
1.10768887155857,169.380112044817,2.79131652661064,0.687781674684664,0.336452139679401,0.580044946257961,0.961654537248961,0.453105415905289
1.095341852712,128.24537815126,2.71162464985994,0.662383431271532,0.285707292721009,0.534515942438586,0.965220254034815,0.488690470195525
1.08986136728154,233.244397759103,3.51708683473389,0.63821318938877,0.256032707200527,0.505996746235118,0.947331612058793,0.507927887500794
1.09568626469566,194.39593837535,3.13865546218487,0.633367039233189,0.238443612739213,0.488306883772094,0.96079245057785,0.521158387132568
1.1076933455397,215.025210084033,2.89201680672268,0.729218764438133,0.384190460497924,0.619830993495746,0.957442694957737,0.421349970611058
1.10366824061285,150.281512605042,2.68641456582633,0.675577761858464,0.294978550243626,0.54311927809978,0.963342827827311,0.481146003043775
1.0924897857662,250.986554621848,3.35686274509803,0.687679473950334,0.350155317028772,0.59173923059805,0.953969250811023,0.443946087376538
1.15378981080415,91.550700280112,2.04033613445378,0.729577907058246,0.371961186435358,0.609886207775973,0.961695882367243,0.429631787988778
1.09272296069097,215.418207282913,3.13361344537815,0.64872962706864,0.257351587693901,0.507298322187153,0.959500522936647,0.507771870177034
1.09799726577021,105.303641456582,2.81050420168067,0.617408605539667,0.220837570322246,0.469933580756096,0.97058291552038,0.535222360479272
1.10432158172862,164.896078431372,3.10868347338935,0.635895133661389,0.252509945154532,0.502503676757227,0.961698923754564,0.510572032208579
1.10473379984709,182.84593837535,2.9595238095238,0.661257417825016,0.274284095991337,0.52372139157317,0.964486415685782,0.496104506788534
1.10090513787819,181.943977591036,3.04061624649859,0.658092071190952,0.295189977951965,0.543313885292806,0.963031485418348,0.481556804971098
1.09603018551461,169.236974789916,2.97310924369747,0.631319438279083,0.229374181044967,0.478930246533842,0.959445546452294,0.5280748762597
1.09711678170605,199.211204481792,3.49887955182072,0.616929689200681,0.227472783230939,0.476941068928792,0.956908462514093,0.529748820663551
1.16163387034881,160.554201680672,2.80196078431372,0.680345518759054,0.302000251080824,0.549545495005485,0.955010291424203,0.476011898785157
1.11481226965891,165.036834733893,2.78585434173669,0.671281379679166,0.287725815816522,0.536400797740386,0.964022871960951,0.485944855065273
1.10034588637861,213.979551820728,3.08193277310924,0.735795651226172,0.441678288962643,0.664588811945133,0.959507898410204,0.385239398969392
1.09562578848275,193.558963585434,3.25378151260504,0.6311452936743,0.262569253191472,0.512415118035634,0.960135668772059,0.503653233934367
1.11650363112616,151.249719887955,2.80126050420168,0.658644408519085,0.280615177443526,0.529731231327289,0.968356641948837,0.490668059036115
1.10986736918099,126.354201680672,2.69733893557422,0.665447801887414,0.290312517163728,0.538806567483849,0.961797435241763,0.484116286388347
1.09049978643598,221.909103641456,2.86750700280112,0.764004289237051,0.492561583456912,0.701827317405722,0.962271887700877,0.353070532719799
1.12004192959484,264.886834733893,3.58361344537815,0.632534861914258,0.265674230476504,0.515435961567006,0.954117369131545,0.501687516843253
1.10010070908486,211.390756302521,3.3766106442577,0.672619069438255,0.330890346334612,0.57523068966686,0.957337134892986,0.456121807520773
1.10992991080571,131.78781512605,2.37885154061624,0.720131078156219,0.371894502899199,0.609831536491184,0.966515867542421,0.430241421062794
1.10145516203589,264.410224089635,3.25056022408963,0.690293069912922,0.333040323972726,0.577096459851146,0.959233266360249,0.455062379222741
1.08112537499228,222.275350140056,3.15028011204481,0.669820762619782,0.292129028081821,0.540489618847412,0.961581655483897,0.482601390787818
1.0978315531133,205.104481792717,3.00812324929972,0.693579521462476,0.333657600295019,0.577631024352934,0.957768374037544,0.455080033743905
1.08504667556975,260.936414565826,3.30294117647058,0.72138934318196,0.397340789256879,0.630349735668128,0.950244554196242,0.413485181788637
1.10908099878961,157.532212885154,2.91274509803921,0.63704116832265,0.243701941560938,0.49366176838088,0.961126154946019,0.51752402450733
1.09487965040904,127.544397759103,2.65210084033613,0.681162940834474,0.306944277711084,0.554025520812069,0.962594894726213,0.472552532032729
1.09541893202284,206.411484593837,3.20084033613445,0.672317414729733,0.317771088827687,0.563711884589714,0.940980834307544,0.465342678696408
1.10909678716475,149.65350140056,2.84775910364145,0.643693286154825,0.246323951149087,0.496310337540018,0.962117060653401,0.515428398247528
1.10219071379676,120.307843137254,2.6595238095238,0.654992823037529,0.260418510541471,0.510312169697599,0.964081855006357,0.505994873928807
1.11324840193788,147.650980392156,2.59467787114845,0.680670300449725,0.298654667749452,0.546493062855744,0.96337080905383,0.478792750615528
1.0964642533198,166.148459383753,2.99663865546218,0.677670249120083,0.3306507995355,0.575022433941059,0.957277344021056,0.457750612948789
1.09634323294158,206.666946778711,3.33655462184873,0.655981495490839,0.292628904502977,0.540951850447872,0.953559179779599,0.483573712104378
1.1170050041303,189.208683473389,2.87717086834733,0.69672124266691,0.346929438442043,0.589007163319805,0.96256173925165,0.446991546819201
1.11508051692976,203.485154061624,2.83865546218487,0.715206571425774,0.375415254337029,0.612711395631768,0.960637856250122,0.427185762614689
1.105532793318,240.437675070028,3.21960784313725,0.683797495383764,0.325299276573374,0.570350135069129,0.954853025030918,0.45990528487218
1.09093245088387,184.974229691876,2.98767507002801,0.677728155391491,0.316764038948912,0.562817944764479,0.960832496921507,0.466834582703942
1.08960493016168,212.464985994397,3.21512605042016,0.673324598280393,0.312390299256957,0.558918866434975,0.952818063356781,0.468797891515359
1.09210334218052,249.707282913165,3.22577030812324,0.698235068567522,0.361974770300277,0.601643391304414,0.958366573852283,0.436352173320139
1.13716117329434,147.325910364145,2.51680672268907,0.737723711448906,0.415154640287487,0.644324949297703,0.966632501077802,0.40142623473908
1.10543693821603,225.163725490196,3.21946778711484,0.673310069076938,0.307555836059914,0.554577168714971,0.951838382081645,0.472406229197678
1.10741404156333,192.344677871148,2.90924369747899,0.693731966942243,0.323453195003491,0.568729456774916,0.953531201779971,0.461377693117659
1.09266347037954,179.593137254901,2.57577030812324,0.749124325640316,0.425319176690284,0.652164991923273,0.960461805998562,0.395124381542186
1.10299872096298,243.21512605042,3.21442577030812,0.64880392356372,0.270570630212869,0.520164041637702,0.955691257312378,0.498061261274628
1.09519608592765,217.151960784313,3.22941176470588,0.671520554737043,0.306872700060416,0.55396091925371,0.948244862039029,0.474150217042638
1.08918910502868,248.647759103641,3.56078431372549,0.616189314628421,0.237519184144245,0.487359399359698,0.955904964685155,0.523055833990022
1.12845624282069,199.66106442577,3.03893557422969,0.68633500345389,0.331316771806761,0.575601226377048,0.958111594026079,0.457456758038808
1.098888720349,260.512605042016,3.17156862745098,0.702239083598068,0.35577093582531,0.596465368504585,0.950701255397395,0.440277208838679
1.11583307726698,159.003081232493,2.52717086834733,0.701222841477923,0.315985717816538,0.562126069326568,0.960121354063014,0.466546203336986
1.09835773832107,136.604761904761,2.58977591036414,0.691365732560151,0.329796889343972,0.574279452308693,0.968977578479642,0.45715310104904
1.10718596897378,135.932913165266,2.48263305322128,0.720490978665857,0.37776534143069,0.614626180235344,0.970236235312547,0.425837832126169
1.11110553992937,171.1837535014,2.97703081232492,0.65124230197851,0.268222975464695,0.517902476789497,0.957987873715089,0.499929159383584
1.11307422273845,176.158403361344,2.66372549019607,0.69492943209546,0.334547848551185,0.578401113891722,0.96196288028987,0.454102387431721
1.10418954472085,213.367647058823,3.04467787114845,0.683430326367891,0.324024315608596,0.569231337514543,0.961273903309347,0.461469212723582
1.0997535696673,175.605182072829,2.87450980392156,0.659239636652298,0.285112966755329,0.533959705179454,0.963632134400408,0.487338726070238
1.16193229431524,163.4418767507,2.60462184873949,0.709452506841091,0.35044895409144,0.591987292170567,0.96022389852632,0.443570230488692
1.09502531044306,148.698599439775,3.18795518207282,0.620209188951072,0.240600534331379,0.490510483406195,0.955566092603406,0.521174688162722
1.13300835738247,166.471288515406,2.49747899159663,0.719455996108758,0.366018083704069,0.604994284025948,0.967777894357405,0.432921436534462
1.111132415567,141.526610644257,2.58697478991596,0.712058338774625,0.369838327487857,0.608143344523195,0.959874146886242,0.431708945351707
1.11562378875723,154.513165266106,2.84019607843137,0.661250963352184,0.271763931062621,0.521309822526509,0.958088806153522,0.497480837791835
1.09234878790414,219.504621848739,3.10098039215686,0.709286457877641,0.378301810920446,0.615062444732603,0.960469146578443,0.425291740129898
1.10940794904826,242.41806722689,3.00280112044817,0.710673936948643,0.360165889885365,0.600138225649196,0.953252099653135,0.437205714728982
1.09775506403951,252.079131652661,3.24649859943977,0.67338079398503,0.308677892725717,0.555587880290524,0.956678755108579,0.471713901861731
1.12970263297291,187.412605042016,2.94761904761904,0.641060039614273,0.24450622405825,0.494475706236667,0.964151755902262,0.516428779267887
1.10466493528859,141.047619047619,2.65896358543417,0.683516077446589,0.315650554339382,0.56182786895933,0.957654309328703,0.467012092083356
1.10214955087913,177.808263305322,3.07016806722689,0.654818460409367,0.286676111621119,0.535421433658682,0.95986381617797,0.487863501874198
1.13234256555063,242.612605042016,3.6563025210084,0.639420464285021,0.264679048089824,0.514469676550352,0.941744335925203,0.502566521456801
1.10973023191545,194.943277310924,3.19859943977591,0.652194817101111,0.272848923883278,0.522349426996219,0.956862102983415,0.496717570790277
1.10468021770042,234.635154061624,3.18767507002801,0.689571554692423,0.332695283995951,0.576797437577483,0.954566555848407,0.454911384553149
1.09183377723468,241.690896358543,3.59705882352941,0.615426095182138,0.235865934609137,0.485660307837832,0.956985080775674,0.523228119385343
1.12902784321268,179.498459383753,3.2204481792717,0.645836632204899,0.271530406280159,0.521085795507955,0.936726269767502,0.498845161069959
1.09248074919405,202.124369747899,3.23095238095238,0.659024124540466,0.274688826510996,0.524107647827234,0.948805113788176,0.495180397088005
1.11948975635,229.460644257703,3.06400560224089,0.698734188301114,0.33943891282003,0.582613862536783,0.957263364140138,0.451130234188741
1.16198414955072,113.604901960784,2.15154061624649,0.736412158879716,0.395940072107274,0.62923769126402,0.96304501779017,0.413685590420082
1.11139532823252,118.624929971988,2.47436974789915,0.693350769535459,0.333001553562601,0.577062867946466,0.972894381825021,0.455733065270086
1.10342494650684,175.710224089635,3.18375350140056,0.642953496339918,0.270112907908261,0.519723876600124,0.957600345027808,0.499836346506038
1.1140226657492,222.982072829131,3.65056022408963,0.599522560410262,0.205887148977238,0.453747891430073,0.964439611923998,0.545497574181569
1.16034003576183,227.908263305322,3.39453781512605,0.65885383529311,0.272947531953958,0.522443807460628,0.94848243661987,0.496848725709246
1.09432869509566,108.26162464986,2.23627450980392,0.726679696869156,0.37910105218558,0.615711825601539,0.961489342314082,0.424947811016552
1.13779719443234,251.252380952381,3.5516806722689,0.628646770641272,0.234390952459415,0.484139393624827,0.954880200933503,0.524218558758226
1.11176265189091,146.258543417367,2.70028011204481,0.663744344717042,0.268719693759857,0.518381803075548,0.963268659934775,0.499203564660721
1.10246662479277,228.416666666666,3.26708683473389,0.664542470270898,0.296403963546202,0.544429943653178,0.963879767325091,0.480550934978869
1.10367462431983,182.740756302521,2.95378151260504,0.69061595204633,0.329182339602507,0.573744141235888,0.963710180317293,0.458840533724624
1.08822073247968,219.449159663865,3.0641456582633,0.710270573855445,0.366504052601432,0.605395781783646,0.95383790940274,0.433239725688606
1.10081659521539,236.426610644257,3.22170868347338,0.692745513313697,0.352453098886613,0.593677605175244,0.950997669891152,0.442577395049673
1.12961572093906,148.898739495798,2.74831932773109,0.658630177989846,0.270346138455382,0.519948207473958,0.963508250160327,0.498348231530575
1.09349606419992,206.139075630252,3.08123249299719,0.667757668605672,0.304601615155866,0.551907252313163,0.96168927402709,0.474243907151414
1.12033832403698,220.252100840336,3.27899159663865,0.668379781878345,0.302276498834828,0.549796779578444,0.958130352140532,0.476228698119446
1.1022480647333,180.828151260504,3.53627450980392,0.560412173790098,0.155103266796914,0.393831520827009,0.957648039652379,0.586428761285534
1.10939946584459,193.073809523809,2.72801120448179,0.708095201293774,0.353291797111001,0.594383543775398,0.965325219626539,0.442321322465142
1.1075659209613,86.1120448179271,1.95896358543417,0.733895166295605,0.3696440733156,0.607983612703172,0.971565740367184,0.431089557954336
1.09978259737649,259.288235294117,3.87002801120448,0.566649461938161,0.165609989093676,0.406952072231702,0.950915104039545,0.577654466606695
1.54906024254131,195.100420168067,2.85854341736694,0.698304379643554,0.340441843404028,0.583473944066081,0.965844398227174,0.450382378887733
1.10694538665891,182.405042016806,3.11862745098039,0.630965555954588,0.233296867766714,0.48300814461737,0.958129591412808,0.525611764579171
1.11016244984113,180.787955182072,2.95714285714285,0.66695601354026,0.286426060620326,0.535187874134239,0.958413598492827,0.487020863265634
1.14254311521939,315.052661064425,3.47366946778711,0.722920591858873,0.422400293450713,0.649923298128874,0.961116685227633,0.39691533304516
1.10934141044147,160.138655462184,3.04803921568627,0.661973914100448,0.295005570855793,0.543144152924242,0.961258931246061,0.481293128327203
1.10399771166548,152.461204481792,3.09313725490196,0.604934209103969,0.19289950293843,0.439203259252968,0.958473019866412,0.555828053945682
1.0986686418225,162.020448179271,2.88431372549019,0.677567299941687,0.309216098203987,0.556072026093731,0.963921012725398,0.471400577011164
1.10855957689496,137.208123249299,2.47675070028011,0.723309400413299,0.384401603778766,0.620001293368623,0.964198929650472,0.421979860749648
1.10429977877203,144.838235294117,2.75336134453781,0.671086011109547,0.297321301069447,0.545271768083996,0.969601055813613,0.479251026678549
1.11918529678309,155.217507002801,3.03431372549019,0.664289114967985,0.3038664485402,0.551240826263984,0.955658831164429,0.476048253182046
1.13916955444852,203.759103641456,3.48809523809523,0.612774359576966,0.221106354306428,0.470219474614172,0.955910333942317,0.53373907251728
1.0916382732383,228.295238095238,3.21778711484593,0.652799940242792,0.262902710103649,0.51274039250253,0.956464491437432,0.502986744727035
1.12688375330976,58.4612044817927,1.71526610644257,0.756563005322069,0.444986592676286,0.667073153916634,0.97572426783436,0.382546021106798
1.11521481294267,159.727591036414,3.20308123249299,0.647386771317604,0.289782648353459,0.53831463694893,0.956511245139237,0.485522677430268
1.26375707343672,142.969467787114,2.75280112044817,0.706485787709184,0.385181837440858,0.62063019378762,0.96193421457133,0.420606781438483
1.11959291740528,175.51106442577,2.84033613445378,0.659870009645804,0.269878039451074,0.519497872422086,0.965491091915466,0.498006593595901
1.11313846957791,134.249719887955,2.47058823529411,0.717195504840019,0.358017559965162,0.59834568600865,0.965304394333767,0.438717374526077
1.08855570094658,237.831092436974,3.16988795518207,0.671834670535872,0.315196588439297,0.561423715601057,0.959534667865799,0.466603784728058
1.10959912844753,214.577170868347,3.10686274509803,0.670287403460971,0.312283217208452,0.558823064313251,0.964331766934385,0.469024925098047
1.15659870799484,102.373949579831,2.01008403361344,0.75200591539585,0.40989555626172,0.640230861691093,0.963209852739626,0.405107717698816
1.1167366363342,249.943137254902,3.7781512605042,0.615549445218996,0.235242518576057,0.485018060051435,0.947477090431937,0.52509537183508
1.10400281887356,157.377310924369,2.90126050420168,0.638257050375788,0.239030053197749,0.488906998515821,0.964483117446457,0.520909915847827
1.10599334440634,121.939075630252,2.70126050420168,0.656947887270063,0.277358521840108,0.5266483853959,0.96407446186433,0.492879430557059
1.10553909841656,120.47675070028,2.39621848739495,0.690082209472985,0.31139185085799,0.558024955407901,0.959472913818439,0.46943970149651
1.1129299987907,248.159243697479,3.51204481792717,0.61558409870924,0.218071238299241,0.466980982802556,0.950146122882362,0.537500514382045
1.09056508914331,192.160224089635,3.01036414565826,0.723075368799041,0.416051871729083,0.645020830461376,0.962361916648174,0.400769981847094
1.09703050591856,209.498739495798,3.01624649859943,0.668213941173519,0.28711685654654,0.53583286251082,0.959500140455811,0.48706737303235
1.09670693278096,183.241456582633,3.09523809523809,0.66588810946667,0.303420171990364,0.550835884806323,0.957457103175385,0.475248197430278
1.10250914110655,114.86456582633,2.40364145658263,0.691412720900508,0.322923944087438,0.568263973948233,0.968152866625165,0.461457059169919
1.13913435683221,138.985854341736,2.85140056022408,0.648345632705335,0.258834592660593,0.508757891988511,0.956778821199163,0.507086263017843
1.10560335860191,235.624789915966,3.38053221288515,0.62614584722873,0.230021704760335,0.479605780574354,0.956465423202932,0.528951850537325
1.11678485788988,73.7049019607843,1.896918767507,0.740974707338164,0.405243577823286,0.63658744711413,0.972731836565955,0.407534336663403
1.1057002244334,165.596218487395,2.6344537815126,0.705753070178707,0.355990935589922,0.596649759565796,0.963126267358245,0.439739700701806
1.11354790031369,223.176330532212,3.41148459383753,0.650324624236134,0.285758705442961,0.534564033061486,0.953500106937936,0.487803288734009
1.11472361973915,220.603361344537,3.3516806722689,0.664888927520118,0.288433598929767,0.537060144611167,0.951605655164219,0.485400471410013
1.10182983337216,214.592296918767,3.44243697478991,0.648685315635221,0.276649267550157,0.52597458831217,0.94771587352544,0.495243766871853
1.13258271121429,201.710084033613,2.99397759103641,0.666359640307221,0.287280294470729,0.535985349119478,0.962875371082347,0.486097388331016
1.0913955575735,244.124089635854,3.36792717086834,0.636920283643328,0.251239760610126,0.501238227403024,0.95606124979752,0.512036651279744
1.09049372668089,148.046358543417,2.66610644257703,0.716167943158247,0.383522124536088,0.61929163124984,0.96734951959284,0.422254313630403
1.10256901295902,200.300420168067,2.9126050420168,0.691951917387073,0.333050936060698,0.577105654157623,0.960098329084418,0.455088125586927
1.11085617988246,232.535714285714,3.19719887955182,0.659341465008681,0.279162616026802,0.528358416254348,0.956965097495033,0.492141641877454
1.14873720771391,99.2154061624649,2.46470588235294,0.672869521846071,0.286748640632723,0.535489160144931,0.95995461102361,0.486474162789507
1.0981231787838,156.255882352941,2.65994397759103,0.708956618994458,0.367171898171033,0.605947108393986,0.968420478722004,0.43237748628653
1.10128964970716,217.708123249299,2.93095238095238,0.709736514948369,0.372917922070789,0.61067005991025,0.965428200782602,0.428868041539918
1.13487584717241,175.382352941176,2.9593837535014,0.663416639349398,0.279440364381046,0.528621191763106,0.958355292281246,0.492437959861641
1.08889996472913,215.801400560224,3.21792717086834,0.677070472580346,0.311628563189981,0.558237013453946,0.956351153826767,0.469494311209729
1.09955703791452,162.151960784313,2.92773109243697,0.649697433091661,0.25795214164097,0.507889891256924,0.952790889222283,0.506641240939986
1.10177757121973,171.401960784313,2.51540616246498,0.729375257156809,0.391129579282693,0.625403533154949,0.962554345389126,0.417298796126704
1.10854765162385,238.120308123249,2.86232492997198,0.734300658887755,0.388968901286004,0.623673713800737,0.9547194399731,0.41855366380009
1.11423004917055,157.81918767507,2.76582633053221,0.667030023182445,0.28004745035269,0.529195096682395,0.962379523816103,0.491257223058439
1.08950631299205,173.852801120448,2.47030812324929,0.738742314647923,0.405272461925946,0.63661013338302,0.966068138445105,0.407444863885206
1.15255343525613,77.479131652661,1.79719887955182,0.755606328257134,0.423573027250115,0.650824882168864,0.970121402345666,0.396823559729774
1.08546612698908,242.535574229691,3.1484593837535,0.691508363775241,0.327630846456229,0.572390466776159,0.949139131983699,0.458449696895279
1.09396600688476,161.943697478991,3.00868347338935,0.653459314901008,0.270023911525394,0.519638250637301,0.95321883624517,0.498731982054558
1.09078851157478,101.712745098039,2.5359943977591,0.669684619434449,0.284082123045296,0.532993548783938,0.966651675048114,0.488597540626962
1.10616988485806,127.896918767507,2.33879551820728,0.740521245573685,0.402272134343933,0.634249268303822,0.964939945102029,0.409970204682685
1.10301345504468,151.020448179271,2.73081232492997,0.676328221461252,0.307464034633461,0.554494395493282,0.969675095066268,0.473114412855261
1.10075159373922,160.628711484593,3.10406162464986,0.644274382370335,0.263379979442757,0.513205591788278,0.961479510403665,0.502294376916244
1.12560900588211,92.5687675070027,2.293837535014,0.658498727839091,0.257074123767153,0.507024776285295,0.969928693687492,0.508011692081638
1.09778262229443,223.224649859944,3.02563025210084,0.709981114974792,0.374490129385087,0.61195598647704,0.952299282991514,0.428464578185638
1.12107454110551,184.462464985994,3.09061624649859,0.66690737621769,0.3024471945641,0.549951992963113,0.963492769484077,0.476941453205649
1.12864820803132,232.54537815126,3.14929971988795,0.745443002983693,0.474714317099388,0.688995150272764,0.961069437729901,0.364455053635954
1.0969329518555,174.573529411764,3.24047619047619,0.623808745844144,0.252216975025304,0.502212081719769,0.963823552213033,0.512600424935435
1.11867326244193,156.503921568627,2.8593837535014,0.662361051262541,0.274948096885813,0.524354934072154,0.954825557122356,0.494691135407032
1.10648340801548,178.906302521008,3.15210084033613,0.644016693835066,0.27123964291599,0.520806723186241,0.959086675269143,0.498638326632748
1.10600372135618,232.343697478991,2.9687675070028,0.693589371977073,0.332861419077434,0.576941434703241,0.959897416443003,0.45501591660567
1.08805018507562,177.958123249299,2.98235294117647,0.64603034174504,0.26890154100856,0.518557172362469,0.961551288275021,0.498558269893989
1.10075287154443,191.710784313725,3.32745098039215,0.628221990312369,0.23714340638216,0.486973722476029,0.955986889220676,0.521809405751643
1.10866929861281,209.415686274509,2.87072829131652,0.707482230668814,0.360330406672472,0.600275275746446,0.961447146604475,0.436680868976791
1.13472578142221,136.15700280112,2.22759103641456,0.748382970631601,0.409134202700688,0.639635992343057,0.964320062764376,0.405326748874905
1.10677713293706,171.01106442577,2.93333333333333,0.656175038518317,0.267492085069321,0.517196369930534,0.961110638531802,0.500324292932795
1.09348021184786,150.740476190476,2.55546218487394,0.72121768342881,0.384581283493789,0.620146179133427,0.963164448899436,0.421642196273553
1.16829572269042,243.213305322128,3.72436974789915,0.597116326110818,0.199767377539251,0.446953440012772,0.948200011328385,0.549474918977783
1.10285561221687,181.567507002801,3.07128851540616,0.634955043815943,0.239715896162386,0.48960790042889,0.961762694760866,0.52054989663813
1.12331348354726,178.732492997198,2.89159663865546,0.688760699379183,0.337305441784557,0.580780028741137,0.955300547245126,0.453365043620129
1.10904586176814,208.478431372549,3.29593837535014,0.61814094241677,0.219377662829837,0.468377692498092,0.958480097154682,0.535410641837321
1.10366783392579,231.672268907563,3.38697478991596,0.658348806239841,0.278962673304616,0.528169171103933,0.953550846702174,0.492944749161021
1.11003962079128,164.656022408963,3.09243697478991,0.610393668665703,0.219455782312925,0.468461078759938,0.962257356808779,0.535450048607477
1.11310310268449,283.853081232493,3.99831932773109,0.566034274403833,0.163534384341972,0.404393848051589,0.943565068895693,0.579397819664563
1.10792983256313,268.484173669467,3.56148459383753,0.642455069862731,0.2710379445896,0.520613046887609,0.947834805474521,0.497983390672911
1.1158855304557,168.573389355742,2.83151260504201,0.648724466651898,0.25625566893424,0.506217017626077,0.965427246128117,0.507823012609645
1.14187703448775,121.160924369747,2.23949579831932,0.76051220162056,0.468778727177145,0.684674175923953,0.968380817228314,0.36759280313657
1.09476350003547,263.33081232493,3.46946778711484,0.682836408260884,0.341204756412368,0.584127346057663,0.951257322520299,0.449682295248961
1.09423741336436,199.523949579831,2.72408963585434,0.732743193828496,0.406240201963138,0.637369752940267,0.962849959189369,0.408023116965946
1.12683791019397,175.386974789915,2.79243697478991,0.700461124407648,0.358055947869343,0.598377763515109,0.950370728774849,0.438611527878829
1.12181137490841,197.963585434173,3.04243697478991,0.661738850796093,0.280191596246341,0.529331272688797,0.958210778931716,0.491056605668196
1.16808728007602,239.736554621848,4.04117647058823,0.574151468571185,0.189802813282175,0.435663646959642,0.969829678349989,0.557410435933299
1.11386879175007,172.905182072829,2.84187675070028,0.660180425278066,0.280469825184976,0.529594019211863,0.957431015464715,0.490809101024553
1.08906382920991,153.626050420168,2.84005602240896,0.682370285761717,0.330339076807193,0.57475131736012,0.96225788090925,0.457772367837966
1.09674854358296,134.425490196078,2.81428571428571,0.637613932189064,0.241112768636866,0.491032349888341,0.964837288101459,0.519701682148486
1.10455349459252,99.5235294117647,1.8547619047619,0.776056400591911,0.463190737079145,0.680581175965913,0.972204569612672,0.370658563279958
1.09763530933998,169.732633053221,2.45896358543417,0.731111317227822,0.394796948191041,0.628328694387771,0.965523739424623,0.414232128177065
1.1292317444706,209.461764705882,3.40882352941176,0.627347379999326,0.228028799755196,0.477523611725322,0.954259094451731,0.528961800584928
1.09618976035459,273.836134453781,4.09397759103641,0.595991779564319,0.216513899677518,0.46531054112014,0.948964211193791,0.537996432511313
1.10943362127631,209.110084033613,3.32647058823529,0.658341382099116,0.289000747357766,0.53758789733193,0.952789778993488,0.484867773475194
1.10324602097827,261.952100840336,3.43683473389355,0.678531543268436,0.321013415169989,0.566580457808058,0.939286810528231,0.463656145422188
1.09434532829304,235.264985994397,3.59677871148459,0.637737168186371,0.270869779284262,0.520451514825601,0.951726465331429,0.49814271802845
1.10188702289481,199.368907563025,2.77324929971988,0.703334516327004,0.350894034084221,0.592363093114537,0.961221625312159,0.44299766896266
1.09866367660367,228.056162464986,2.94719887955182,0.714818210417874,0.39084695642963,0.625177539927363,0.959523493253453,0.417204186719788
1.09543956664593,213.226890756302,3.51932773109243,0.653931786381594,0.279943055653634,0.529096452127241,0.954693197278545,0.483144874704836
1.09993604840404,213.892997198879,3.32380952380952,0.634547541997334,0.244627262669773,0.494598081951167,0.946974043123591,0.517233555719225
1.09217643897859,181.530672268907,3.04355742296918,0.691904315820771,0.343450282073613,0.586046313932281,0.960850677038489,0.448630992016721
1.12123152721105,115.78725490196,2.59285714285714,0.663055212110003,0.268639112507748,0.518304073404549,0.960896724085124,0.500108523028906
1.12704000908482,153.229551820728,2.47745098039215,0.711988334142717,0.350046842266318,0.591647565926133,0.964196579642804,0.444562976156693
1.0854822224567,153.085994397759,2.6204481792717,0.699746028384287,0.3490901752858,0.590838535714962,0.966694908296332,0.44439527329123
1.12244373621721,119.839775910364,2.69159663865546,0.658589287110551,0.279890495413851,0.52904677998628,0.97173490849133,0.49123906935164
1.10751522429964,179.165826330532,3.13305322128851,0.650582116104956,0.283070394824596,0.532043602371644,0.961338171924238,0.489146181677751
1.08769618852556,207.84131652661,3.47058823529411,0.653076768547921,0.293649234203485,0.541894117151575,0.951067347954276,0.48241218371307
1.10917421355928,122.974229691876,2.29705882352941,0.740423786299458,0.402736015975017,0.634614856409001,0.966987255447766,0.409645997425669
1.1261854270369,130.746078431372,2.66596638655462,0.653609758135047,0.269181476512173,0.518827019836258,0.953266259453161,0.499813286666354
1.10011271548139,178.44593837535,2.96750700280112,0.650660784069498,0.270732430226992,0.520319546266515,0.964064333975813,0.498730737322982
1.10155892117583,206.697619047619,2.96484593837535,0.71811644938168,0.391358141295733,0.625586238096502,0.957257313430163,0.416550512506144
1.09214091571673,281.581232492997,3.43193277310924,0.688074856942793,0.320871819315961,0.566455487497439,0.953329736982186,0.463381650892999
1.10343425609531,178.548039215686,3.15700280112044,0.673598403547579,0.320924595328327,0.566502070012394,0.963318295381252,0.461958132805755
1.10425195702521,170.496358543417,2.86904761904761,0.674856734044802,0.300498650440568,0.548177571997038,0.96596373020618,0.477566005931526
1.11535762724692,120.566666666666,2.28949579831932,0.728230491205662,0.377462269221414,0.614379580732802,0.971590324760386,0.426187150195965
1.15072482236619,264.271988795518,4.02184873949579,0.614339110941641,0.227333541259641,0.476795072604196,0.94447166791754,0.530630612299264
1.10442942094517,134.296218487394,2.8516806722689,0.648104410875309,0.268206910215066,0.517886966639503,0.969276054533119,0.500375467807802
1.16034340570621,220.940896358543,3.1859943977591,0.672630664007186,0.308319729852725,0.55526545890477,0.954937298848201,0.472471016535514
1.09419464125688,183.435154061624,3.12549019607843,0.672255472119517,0.323652470792238,0.568904623634083,0.955201589059157,0.462615508146278
1.1027272776448,205.311204481792,3.37324929971988,0.649031155436203,0.275278130860187,0.524669544437436,0.954156844751601,0.495069724738004
1.09435901459222,181.694677871148,3.1187675070028,0.638622587047806,0.255150579839779,0.505124321172302,0.955579200676653,0.508685137615063
1.09969008737237,198.323109243697,3.18039215686274,0.670906350026362,0.306229521220252,0.553380087480795,0.958764443605777,0.474322863578947
1.10319277062688,209.198459383753,2.77577030812324,0.712388445375494,0.366487987351803,0.605382513252409,0.966408114635593,0.433702541711749
1.09390441584449,220.680392156862,3.143837535014,0.67804511963827,0.317367878523958,0.563354132428225,0.958099379052434,0.465527231820307
1.13372309652876,237.70644257703,3.30504201680672,0.671211165197974,0.298046620609028,0.545936462062233,0.951825941696393,0.479142975454918
1.08548419629787,154.836274509803,2.7516806722689,0.668089986066092,0.286771777338386,0.535510763046258,0.963971745445776,0.486663874094441
1.10730756529933,181.144957983193,3.15378151260504,0.635191777051971,0.250486763332784,0.500486526624627,0.961801028781189,0.512584450718343
1.09858529410047,135.001820728291,2.76316526610644,0.668969223658003,0.297350763834945,0.545298784002812,0.962007910954826,0.47973523096813
1.10053806438878,189.285014005602,2.63375350140056,0.75430290963033,0.44818170405417,0.669463743644247,0.958692041619629,0.380700030425923
1.13707500353341,160.130952380952,2.92717086834733,0.653489410082517,0.268762387307864,0.518422981076132,0.96107139083974,0.499382602525651
1.11240539460623,293.017647058823,3.72212885154061,0.657785280445386,0.290439185478112,0.538924099923275,0.948748739139314,0.484493812875962
1.10122876554521,246.237955182072,3.64215686274509,0.618121605964119,0.228446633555383,0.477960912162681,0.952701447585427,0.529290186869914
1.11554418473979,91.3585434173669,2.44173669467787,0.676374317909838,0.293390493452282,0.541655327170593,0.964225837358223,0.482359272637607
1.09682096788073,117.369887955182,2.46008403361344,0.690253697924806,0.314432684838641,0.560742975737227,0.962777627884543,0.467862188187405
1.08818169323931,199.287114845938,2.94439775910364,0.697093570799453,0.359444954452369,0.599537283621602,0.962858974766033,0.437912908590055
1.12397307954684,196.269467787114,3.02240896358543,0.67309087211812,0.306878270916209,0.553965947433783,0.956031804483015,0.473496042459444
1.0929550865956,258.666946778711,3.4344537815126,0.664121742426183,0.304198041961882,0.551541514268765,0.953846120558596,0.475400365202402
1.12103122842639,145.918907563025,2.73011204481792,0.709813848727903,0.365226639675478,0.604339837902051,0.963287357991691,0.433722023054617
1.13920165928364,154.817927170868,2.85686274509803,0.657403871986588,0.280608233489474,0.529724677062976,0.959453769618222,0.490702602412582
1.10002732319093,172.159803921568,2.89439775910364,0.669900741311617,0.299563482255647,0.547323928086144,0.957925222334768,0.477505052602415
1.09608574299331,214.497899159663,3.23025210084033,0.683325942695477,0.329253515131542,0.573806165121587,0.94551219604356,0.457316750507621
1.09912474960123,188.667507002801,2.88389355742296,0.702807221463604,0.358619506626179,0.598848483863973,0.959771630921556,0.439184901091589
1.13713443320156,210.766526610644,3.36050420168067,0.622405798938817,0.226996063131134,0.476441038462404,0.959238484704436,0.529436635196434
1.11650485848507,245.496918767507,3.58165266106442,0.646234206799011,0.268487846118839,0.51815812848863,0.955446720553307,0.499777872789723
1.10606032525547,299.158963585434,3.77787114845938,0.631701900820867,0.245317430893926,0.495295296660412,0.953454555833098,0.516399914267757
1.09859567091153,117.970028011204,2.50266106442576,0.67619747360925,0.294147560985178,0.542353723122814,0.959510418661354,0.482170037231364
1.11141909407537,170.888655462184,2.93235294117647,0.69042518995563,0.333667025633782,0.577639182910736,0.962306570754804,0.454501598746345
