contrast,dissimilarity,homogeneity,ASM,energy,correlation,entropy,y
183.004902,3.167507003,0.684131686,0.352444635,0.593670477,0.964902919,0.297570523,0
266.8319328,3.544817927,0.684158505,0.357530522,0.59793856,0.95921646,0.262827578,0
160.9638655,2.675210084,0.705930525,0.36274651,0.60228441,0.953720058,0.196489731,0
232.3684874,3.33767507,0.694942807,0.368252752,0.606838324,0.95505552,0.252394202,0
249.9952381,2.922969188,0.750849209,0.471487056,0.68664915,0.967601747,0.230864179,0
248.4990196,3.472969188,0.64515375,0.259990506,0.509892642,0.954966939,0.250533209,0
216.9194678,3.091456583,0.701098983,0.356916835,0.597425171,0.959569206,0.262370087,0
225.8736695,3.424369748,0.631403308,0.245393295,0.495371875,0.956765483,0.253326376,0
239.6039216,3.648739496,0.642935618,0.290931118,0.539380309,0.969235123,0.29198408,0
187.8397759,3.169187675,0.708813637,0.397175125,0.630218315,0.966573977,0.272554463,0
136.5273109,2.568907563,0.693972862,0.317697922,0.563646984,0.96419158,0.209460218,0
184.3519608,2.758263305,0.737447037,0.423760004,0.650968512,0.969040349,0.229950933,0
266.0252101,3.540336134,0.683307888,0.330322658,0.574737034,0.960400648,0.263991346,0
107.9289916,2.295938375,0.733657933,0.409114597,0.639620666,0.972836451,0.203163323,0
214.3670868,2.890896359,0.733455622,0.407787566,0.638582466,0.949426498,0.216112573,0
200.707563,3.160364146,0.676489672,0.321004009,0.566572157,0.945731939,0.214482677,0
276.140056,3.5267507,0.674223246,0.309978913,0.556757499,0.951471387,0.208888491,0
188.7640056,2.702240896,0.738825461,0.418690653,0.647063098,0.967643379,0.209594208,0
226.0988796,3.025210084,0.757048441,0.478488052,0.691728308,0.948787381,0.258088562,0
261.3357143,3.432212885,0.671168611,0.308363728,0.555305076,0.948714379,0.244954327,0
166.7956583,2.500840336,0.743220524,0.420491177,0.64845291,0.957505656,0.231411728,0
154.1305322,2.754901961,0.670087231,0.292547617,0.540876712,0.960249446,0.21738174,0
255.5093838,3.637955182,0.652638739,0.300093165,0.547807598,0.941821071,0.256390971,0
240.2320728,3.482913165,0.677419218,0.329668014,0.574167235,0.950522998,0.259608107,0
276.3745098,3.361064426,0.704349737,0.369570152,0.607922817,0.962416242,0.247999893,0
213.0845938,3.243977591,0.682024873,0.318897147,0.56470979,0.947336845,0.233607402,0
108.842577,1.932633053,0.782646689,0.487102096,0.697926999,0.969907855,0.154151076,0
242.7345938,3.227310924,0.696616355,0.343060528,0.585713691,0.958229233,0.214005292,0
255.8551821,2.993837535,0.716810843,0.370756734,0.608897967,0.962045863,0.222158505,0
268.9114846,3.785154062,0.632385919,0.252419978,0.50241415,0.937895192,0.215903387,0
236.1218487,3.035014006,0.721734581,0.391881096,0.62600407,0.95860929,0.247491479,0
192.9152661,2.840196078,0.732099859,0.414413089,0.643749244,0.966230342,0.213547236,0
281.1280112,3.605042017,0.652480178,0.268598802,0.518265185,0.946630489,0.242186947,0
256.5546218,3.643977591,0.661837533,0.301780546,0.549345561,0.937353002,0.232396054,0
177.7570028,3.21162465,0.654795133,0.295129483,0.54325821,0.96219897,0.255139193,0
217.8427171,3.286694678,0.669355008,0.307640184,0.55465321,0.956544857,0.22739065,0
157.2539216,2.949439776,0.696270551,0.354651527,0.595526261,0.957999793,0.236840174,0
254.2233894,3.196778711,0.71306513,0.366241036,0.605178516,0.950993799,0.204166827,0
262.5557423,3.299159664,0.696529275,0.351125637,0.592558551,0.954788074,0.233284951,0
187.2305322,3.26512605,0.728444875,0.440989278,0.664070236,0.959587601,0.29948031,0
124.1320728,2.557142857,0.676612474,0.303603265,0.551002055,0.968204333,0.196329278,0
194.9609244,3.453361345,0.637039799,0.275903587,0.525265254,0.963889509,0.293750835,0
187.6271709,3.012464986,0.702271419,0.36789658,0.606544788,0.971299224,0.242219856,0
233.9885154,3.208543417,0.69393977,0.343337727,0.585950277,0.953144674,0.251439962,0
114.319888,2.54789916,0.675480328,0.310681096,0.557387743,0.967040399,0.177522873,0
239.3703081,3.082633053,0.752767936,0.47596569,0.689902667,0.960099291,0.261709105,0
147.9282913,2.838235294,0.69398328,0.361868561,0.601555119,0.964439874,0.239302683,0
122.3021008,2.586134454,0.709358464,0.363021003,0.602512243,0.958904821,0.22085933,0
180.3690476,3.316106443,0.632357954,0.270631998,0.520223027,0.963012065,0.300928582,0
219.0578431,3.57394958,0.664595426,0.311639921,0.558247186,0.949836483,0.275267107,0
244.8745098,2.978011204,0.748662671,0.447985096,0.669316888,0.955074964,0.236516721,0
259.7385154,3.329271709,0.709354683,0.375404887,0.612702936,0.951329675,0.2272743,0
166.1915966,2.677030812,0.737073997,0.430133553,0.655845678,0.96851246,0.257756537,0
294.2886555,3.830392157,0.637597023,0.276225412,0.52557151,0.951180935,0.292509662,0
223.855042,2.936134454,0.727548274,0.397343928,0.630352225,0.957815722,0.25216899,0
213.0334734,2.858403361,0.753657453,0.463280587,0.680647182,0.960925262,0.233457396,0
204.8616246,2.712184874,0.762708703,0.47904247,0.69212894,0.965511108,0.222046788,0
136.6887955,2.608543417,0.689543709,0.32656748,0.57146083,0.962258358,0.208093425,0
184.4981793,2.969887955,0.677449942,0.324342462,0.569510722,0.968448526,0.258632746,0
142.2743697,2.730112045,0.740453538,0.449364981,0.670346911,0.96656735,0.230296339,0
221.2211485,3.247338936,0.651000139,0.277399832,0.526687604,0.960687315,0.257655535,0
148.3173669,2.682072829,0.694866215,0.350087859,0.591682228,0.961804257,0.225943626,0
205.6631653,2.964705882,0.706541707,0.362738713,0.602277937,0.959008281,0.208033389,0
202.2154062,2.962044818,0.702020436,0.352919521,0.5940703,0.960853758,0.205941708,0
156.3505602,2.707422969,0.726057897,0.402135501,0.634141547,0.967219373,0.222658474,0
95.56330532,2.062184874,0.739875676,0.401409152,0.633568585,0.969327354,0.182523647,0
167.6303922,3.063865546,0.684938267,0.341424933,0.584315782,0.954789556,0.235663597,0
177.7558824,2.523529412,0.75909612,0.469485745,0.685190299,0.966579318,0.232571062,0
182.6536415,2.708263305,0.709753237,0.357561799,0.597964714,0.966831568,0.205471434,0
191.3768908,2.75952381,0.739802353,0.423169464,0.650514768,0.96143182,0.20539282,0
212.237395,3.245098039,0.691418911,0.340595817,0.583605875,0.939578131,0.243737699,0
182.5637255,3.080392157,0.696865888,0.354556842,0.595446759,0.956536802,0.245516492,0
214.9759104,3.472268908,0.631603122,0.261859038,0.511721641,0.963154476,0.269339781,0
253.2997199,3.013865546,0.745720403,0.428342749,0.65447899,0.960500203,0.193728197,0
159.8287115,2.600420168,0.733057158,0.416959382,0.645723921,0.964245043,0.20255492,0
92.44285714,1.880252101,0.752050386,0.416793786,0.645595683,0.970721304,0.167523131,0
240.1693277,3.600280112,0.628120119,0.245100344,0.495076099,0.949535767,0.220835799,0
212.6787115,2.908963585,0.704247407,0.350744278,0.592236674,0.960341843,0.192757274,0
154.8792717,2.55,0.746761819,0.436152363,0.660418324,0.966602706,0.233028813,0
209.232493,3.246498599,0.668588077,0.313873128,0.560243811,0.955575538,0.230375234,0
255.9380952,3.446778711,0.703347354,0.380649358,0.616967874,0.948847174,0.273142886,0
225.9771709,3.23557423,0.706312418,0.377373606,0.61430742,0.950035261,0.246960958,0
250.5665266,3.566246499,0.653457828,0.285408261,0.534236148,0.94571834,0.222156078,0
335.6408964,4.002380952,0.659226233,0.303419015,0.550834834,0.945625185,0.2373939,0
203.6064426,2.983053221,0.704710195,0.372978917,0.610719999,0.954179981,0.217048549,0
259.9742297,3.174089636,0.740704673,0.453038039,0.673081005,0.957309106,0.237076923,0
127.3721289,2.308543417,0.730062024,0.394777852,0.628313498,0.971758988,0.192100555,0
160.692437,2.742156863,0.703188987,0.366876398,0.605703226,0.949232335,0.250593702,0
231.7054622,3.378711485,0.700572329,0.375857716,0.613072358,0.948216816,0.256816563,0
178.7887955,2.093137255,0.819939912,0.576355787,0.759180998,0.96393084,0.172532953,0
249.2208683,3.346498599,0.691729513,0.354496946,0.595396461,0.951736144,0.27431449,0
131.1841737,2.412605042,0.728648462,0.404618877,0.636096594,0.972038389,0.198419953,0
179.430112,2.893137255,0.665147541,0.282918099,0.531900459,0.961566502,0.223038885,0
250.47507,3.553501401,0.675784526,0.335072009,0.578854048,0.950654397,0.271123608,0
212.9740896,3.768907563,0.619577173,0.259554057,0.509464481,0.961318024,0.322812146,0
279.4848739,3.501680672,0.687295556,0.341274049,0.584186656,0.954199978,0.249812172,0
233.7148459,2.993137255,0.719152926,0.392176439,0.626239921,0.963939516,0.22340562,0
232.9280112,3.305462185,0.676408348,0.324315834,0.569487343,0.954477798,0.269160073,0
192.8869748,2.622829132,0.748849155,0.443354822,0.665848949,0.966282972,0.196474222,0
164.2417367,2.928011204,0.686941589,0.332281236,0.576438406,0.968738247,0.218832273,0
266.9680672,3.642717087,0.642298816,0.270493903,0.520090284,0.952627772,0.253474875,0
291.019888,3.452240896,0.690862564,0.340708097,0.583702062,0.95563307,0.237962109,0
158.0182073,2.301260504,0.783746309,0.513110028,0.716316989,0.967826357,0.215295148,0
242.7715686,3.045098039,0.746754138,0.463521683,0.680824267,0.969192448,0.247669395,0
164.3656863,2.947058824,0.678818794,0.310644934,0.557355304,0.962871427,0.237999886,0
224.0464986,3.181652661,0.7112987,0.387723197,0.62267423,0.954727084,0.263035002,0
171.509944,2.890756303,0.667341763,0.292327509,0.5406732,0.958098607,0.208394519,0
250.7480392,3.203501401,0.717844936,0.3984994,0.631268089,0.953351683,0.255604011,0
126.0589636,2.603501401,0.671609837,0.288799628,0.537400807,0.959236915,0.21438804,0
260.0259104,3.606022409,0.66745192,0.304279653,0.551615494,0.944616059,0.23743955,0
237.9015406,3.417647059,0.677367807,0.330342274,0.574754099,0.961197706,0.259670817,0
186.8796919,3.021428571,0.66725911,0.311258778,0.557905707,0.967454667,0.274269078,0
104.6165266,2.379831933,0.689345989,0.324155339,0.569346414,0.971639932,0.204191562,0
252.6338936,3.449159664,0.683174609,0.333032331,0.577089534,0.947513296,0.231771165,0
267.1960784,3.470588235,0.691056204,0.343740016,0.586293455,0.9581238,0.246646787,0
211.8054622,3.15140056,0.666728553,0.305923703,0.5531037,0.957731684,0.234179524,0
211.8766106,3.011904762,0.689520153,0.343842566,0.586380906,0.965314259,0.250968899,0
305.4022409,3.585994398,0.694615612,0.345522072,0.587811255,0.943219081,0.210600547,0
235.8736695,2.903501401,0.725832507,0.394366462,0.627986037,0.962819229,0.218101712,0
117.8056022,2.409943978,0.718382752,0.372564447,0.610380576,0.966316654,0.221888044,0
243.0135854,3.134593838,0.707570964,0.367295732,0.606049282,0.956307747,0.211934905,0
267.4264706,3.685154062,0.634326345,0.25654045,0.506498223,0.947979649,0.263126159,0
127.9306723,2.256862745,0.754006734,0.433601441,0.658484199,0.961875915,0.182324999,0
273.8637255,3.5732493,0.661805038,0.300734853,0.548392973,0.944922913,0.247831245,0
190.9810924,3.12745098,0.656115293,0.287784918,0.536455886,0.946987504,0.2654434,0
270.1406162,3.619327731,0.668943291,0.308622076,0.555537646,0.951538717,0.25862852,0
167.5995798,3.010644258,0.666132232,0.300072568,0.547788799,0.953655232,0.196092403,0
259.4767507,3.504761905,0.651796132,0.276506985,0.525839315,0.954778849,0.241267405,0
168.845098,3.065966387,0.649430091,0.271862716,0.52140456,0.962027074,0.260250103,0
134.3026611,2.644957983,0.664185461,0.275751114,0.525120095,0.96090422,0.195305372,0
201.7387955,3.126890756,0.693172277,0.343675225,0.586238198,0.955027072,0.219150129,0
251.2981793,3.159803922,0.709187403,0.366484427,0.605379573,0.953539727,0.205989347,0
259.559944,3.371428571,0.692229776,0.357886939,0.598236524,0.961511751,0.292477002,0
215.7564426,3.142577031,0.672548659,0.300664844,0.548329139,0.960356596,0.204439676,0
152.5676471,2.836134454,0.666603516,0.292585976,0.54091217,0.967039765,0.218138831,0
299.6768908,3.694257703,0.678650884,0.327703199,0.572453665,0.957857995,0.237921901,0
120.8473389,2.683893557,0.631877816,0.222927946,0.47215246,0.962589768,0.170342246,0
98.9627451,2.61302521,0.663283832,0.29706515,0.545036833,0.970893983,0.243813386,0
241.0243697,3.063445378,0.736194359,0.4277945,0.654060013,0.954424702,0.204757407,0
149.7413165,2.725070028,0.731877265,0.428658846,0.654720433,0.954067787,0.253746407,0
219.6309524,2.96092437,0.714811375,0.379014429,0.615641478,0.950968092,0.220163377,0
219.8655462,2.627731092,0.768119332,0.475277562,0.689403773,0.957949568,0.203245414,0
212.6826331,3.530952381,0.636939571,0.265432791,0.515201699,0.945754858,0.25080933,0
216.8876751,2.79719888,0.751535715,0.457407826,0.676319322,0.961528947,0.227349245,0
238.4310924,3.366806723,0.676744989,0.323281401,0.568578403,0.952779665,0.212978912,0
213.7243697,2.961064426,0.743669365,0.447696883,0.669101549,0.957405645,0.228242488,0
143.6120448,2.889355742,0.655227001,0.264034172,0.513842556,0.961765951,0.209830393,0
184.0833333,2.853081232,0.712196032,0.365396767,0.604480576,0.957428921,0.243213848,0
307.0210084,3.410644258,0.705852824,0.369112174,0.607546026,0.958056351,0.24841572,0
144.762605,2.712044818,0.690959095,0.322661084,0.568032643,0.954315644,0.229375312,0
251.3829132,3.534033613,0.650396448,0.286365046,0.535130868,0.958556368,0.271616922,0
20.3627451,1.279131653,0.788831391,0.517686457,0.719504313,0.98131653,0.152613685,0
282.9728291,3.596638655,0.667459615,0.310333692,0.55707602,0.95153662,0.250567125,0
149.8711485,2.828571429,0.667201785,0.291441047,0.539852801,0.957942289,0.233525257,0
231.2007003,3.303221289,0.676865736,0.333011293,0.577071306,0.960730405,0.283238385,0
181.5289916,2.740616246,0.727006226,0.410172324,0.640446972,0.965254174,0.21449333,0
267.0833333,3.15952381,0.747654324,0.467233609,0.683544885,0.957496989,0.259611352,0
110.5673669,2.460084034,0.710737131,0.369510412,0.607873681,0.967412946,0.211619513,0
110.0081232,2.355882353,0.719942186,0.38376123,0.619484649,0.961405131,0.221130352,0
254.9130252,3.185714286,0.687087026,0.329024845,0.573606873,0.956876303,0.245689083,0
237.3805322,3.184033613,0.700345236,0.354292845,0.595225037,0.95370002,0.213799301,0
258.7754902,3.39047619,0.708046905,0.379490482,0.616027988,0.944431156,0.26452556,0
237.8232493,3.242296919,0.685956488,0.334430821,0.578299941,0.959966553,0.241207648,0
260.5785714,3.191876751,0.717969126,0.384935101,0.620431383,0.959747002,0.206474023,0
249.4039216,3.338655462,0.701049539,0.375605811,0.612866879,0.959882815,0.250087948,0
155.3864146,2.732633053,0.682310261,0.314949951,0.561204019,0.96739097,0.209056812,0
169.5997199,2.407282913,0.753132027,0.430804724,0.656357162,0.965439247,0.192122394,0
189.8219888,3.142997199,0.641159934,0.252865715,0.502857549,0.953314538,0.238141141,0
175.8456583,3.042436975,0.672445258,0.301194027,0.548811467,0.955979782,0.218082629,0
194.5065826,3.269327731,0.650841843,0.282115699,0.531145648,0.951482912,0.257339892,0
207.0078431,3.356722689,0.63702466,0.26225145,0.51210492,0.948275119,0.255725072,0
224.0530812,3.375210084,0.635331554,0.249402251,0.499401893,0.948601797,0.222792829,0
240.4816527,3.175910364,0.682299907,0.31109994,0.557763337,0.952234355,0.214265432,0
215.8880952,2.991176471,0.719269696,0.400351425,0.632733297,0.963406232,0.234253332,0
174.5766106,2.921148459,0.649702002,0.267450068,0.517155749,0.964085175,0.196707131,0
262.1514006,3.670028011,0.630267779,0.244355948,0.494323728,0.957113508,0.24164155,0
312.7492997,3.714985994,0.635535384,0.24928235,0.499281834,0.955749186,0.254861219,0
113.0302521,2.327030812,0.732131622,0.403524675,0.63523592,0.970781505,0.183340092,0
197.7147059,3.051120448,0.679973679,0.316011081,0.562148629,0.961911805,0.2467005,0
206.2514006,3.162044818,0.672065276,0.308585238,0.55550449,0.952039504,0.207966232,0
178.6894958,2.641736695,0.744846528,0.42446099,0.651506708,0.957658001,0.191675631,0
242.7315126,3.663305322,0.650266346,0.299187861,0.546980677,0.957814916,0.267998219,0
235.7759104,3.153921569,0.700690069,0.379509873,0.616043726,0.964885284,0.257073625,0
233.3619048,3.400980392,0.676245697,0.330734745,0.575095422,0.95404643,0.255195433,0
92.84747899,2.561204482,0.674124277,0.334282429,0.578171626,0.96662853,0.277831318,0
179.439916,2.471288515,0.782142208,0.528947775,0.727287959,0.963197398,0.250803687,0
179.6380952,2.828571429,0.742642716,0.450036848,0.670847858,0.966369004,0.225244225,0
176.0715686,3.414285714,0.632461184,0.267206814,0.51692051,0.958748915,0.30141469,0
290.7093838,3.533333333,0.690175199,0.340169431,0.583240457,0.932785643,0.203905494,0
96.30098039,2.278851541,0.707522073,0.351777652,0.593108466,0.96782043,0.223599427,0
215.2035014,3.448459384,0.65911663,0.300971751,0.548608924,0.952622809,0.24590957,0
237.6564426,2.957843137,0.740027017,0.439110007,0.662653761,0.958999609,0.226016128,0
192.0051821,2.493837535,0.759428515,0.458409736,0.677059625,0.964178323,0.186635129,0
323.4683473,3.671988796,0.686279694,0.342392339,0.585143008,0.952916598,0.235165513,0
165.0203081,2.679831933,0.724480547,0.383064098,0.618921722,0.965413824,0.190054922,0
177.487395,2.775630252,0.726649008,0.400112231,0.632544252,0.963299694,0.226128285,0
236.2556022,3.002521008,0.715572899,0.383390611,0.619185442,0.961022035,0.209396099,0
310.8140056,3.380112045,0.734705442,0.429893369,0.655662542,0.955204712,0.242785098,0
180.8270308,3.071008403,0.672532836,0.311702455,0.558303193,0.951758905,0.203575105,0
144.1571429,2.674929972,0.68933657,0.310407477,0.557142241,0.963407211,0.188648896,0
227.3592437,2.760084034,0.746910355,0.438175368,0.661948161,0.966799262,0.205596391,0
245.6267507,3.022408964,0.72356116,0.393652687,0.627417474,0.960527546,0.233374463,0
151.8518207,2.164845938,0.793538159,0.524786297,0.724421353,0.966437806,0.173371757,0
184.5215686,2.630532213,0.736845668,0.405377788,0.636692852,0.960970226,0.180285321,0
359.3022409,3.614565826,0.71765359,0.383490063,0.619265745,0.945010325,0.231401946,0
158.097479,2.783053221,0.666683975,0.292264857,0.540615258,0.965016969,0.204837164,0
146.6091036,2.643277311,0.697517098,0.337296144,0.580772024,0.965120189,0.213483233,0
216.1393557,3.546078431,0.634256667,0.269734727,0.519359921,0.959441793,0.277335513,0
216.060084,2.756722689,0.735688323,0.416064063,0.645030281,0.968515628,0.237008305,0
215.8142857,3.003781513,0.707433665,0.357909605,0.598255468,0.961849037,0.207452973,0
178.6039216,2.822408964,0.715587622,0.381741638,0.61785244,0.96287758,0.243243938,0
258.3921569,3.248179272,0.710205801,0.37180433,0.609757599,0.949608059,0.208360822,0
219.9732493,3.004901961,0.708138458,0.367433003,0.606162522,0.962598344,0.21252825,0
221.1014006,3.257282913,0.684114492,0.354123002,0.595082349,0.961486224,0.251068184,0
177.804902,3.087394958,0.666913136,0.306410613,0.553543687,0.955890603,0.265127097,0
286.6431373,3.590196078,0.683711574,0.33867193,0.581955264,0.95060736,0.25017599,0
203.9663866,3.159943978,0.69668816,0.373811907,0.611401592,0.959761716,0.267027828,0
222.4212885,3.096078431,0.719739062,0.415384654,0.644503416,0.955106749,0.276161017,0
203.9455182,3.004481793,0.71823163,0.400250061,0.632653192,0.961799819,0.239263843,0
197.7331933,3.109803922,0.653840314,0.283200888,0.532166222,0.965679336,0.236951322,0
123.1222689,2.78907563,0.664527549,0.316649719,0.562716375,0.96361601,0.280112387,0
143.6487395,2.319747899,0.740704278,0.414584265,0.643882183,0.969817719,0.187532248,0
160.7662465,2.720588235,0.702359494,0.357766705,0.598136025,0.956930208,0.208271553,0
201.4945378,2.961904762,0.705635859,0.370531222,0.608712758,0.965209731,0.231323113,0
194.0901961,3.100980392,0.678100836,0.300418589,0.548104542,0.960847771,0.250632993,0
221.144958,3.019047619,0.725292333,0.398469859,0.63124469,0.956831862,0.225998586,0
261.1813725,3.410084034,0.706603868,0.381943601,0.618015858,0.952991196,0.231507411,0
166.9390756,2.543977591,0.714118507,0.372505689,0.610332441,0.969251079,0.220554485,0
196.6920168,3.198459384,0.664640255,0.300285908,0.547983493,0.963081619,0.255371688,0
76.28417367,2.411344538,0.63677398,0.23593152,0.485727825,0.965043532,0.183669162,0
180.3316527,2.561344538,0.748796447,0.444416355,0.666645599,0.965371601,0.218469577,0
132.6158263,2.780672269,0.725793133,0.430919544,0.656444624,0.971164638,0.281193771,0
262.0536415,2.749159664,0.771129951,0.477708377,0.691164508,0.963026366,0.214660924,0
183.3697479,2.724789916,0.7342427,0.416693158,0.645517744,0.963208571,0.231756332,0
224.7561625,2.887254902,0.723456855,0.370435429,0.608634068,0.956284709,0.176398165,0
223.4159664,3.114005602,0.694972439,0.342693783,0.585400532,0.961734982,0.225132962,0
217.6959384,3.304481793,0.67306734,0.318552764,0.564404788,0.958597491,0.261255307,0
105.7588235,2.349439776,0.693034011,0.317370458,0.563356422,0.964534356,0.185503025,0
322.6984594,3.508263305,0.722680111,0.422292319,0.649840226,0.955444129,0.245061335,0
191.5322129,3.007983193,0.704943269,0.373172034,0.610878084,0.95494134,0.228320728,0
275.7280112,3.342296919,0.698786358,0.360680213,0.600566577,0.951920556,0.234771495,0
176.7893557,2.714285714,0.734113513,0.411493274,0.641477415,0.965771886,0.222414143,0
253.4453782,3.194117647,0.705930654,0.362096299,0.60174438,0.960988745,0.217228853,0
137.582493,2.669747899,0.671685908,0.288645733,0.537257604,0.954757983,0.211826599,0
230.5294118,3.401960784,0.659820536,0.298884897,0.546703665,0.951616452,0.249818432,0
192.0401961,2.807563025,0.725847657,0.403285559,0.635047683,0.958851174,0.250100921,0
282.417507,3.267226891,0.726701658,0.396410123,0.629611089,0.957569076,0.199673197,0
223.4072829,3.084313725,0.713111753,0.380079983,0.616506272,0.953472868,0.208309595,0
257.7812325,3.028011204,0.741412707,0.430127355,0.655840952,0.962126563,0.217490865,0
142.5728291,2.261344538,0.773666425,0.478693389,0.691876715,0.970728173,0.194686351,0
239.4322129,3.422829132,0.670186899,0.309222924,0.556078164,0.952790704,0.246460596,0
234.7240896,3.668767507,0.652056666,0.297575471,0.545504786,0.954861318,0.261470513,0
190.1876751,2.416946779,0.778905058,0.486282101,0.697339301,0.966378692,0.19126354,0
115.6436975,2.516386555,0.673938264,0.2970345,0.545008716,0.968712535,0.214584875,0
153.6102241,2.676610644,0.688045642,0.311780732,0.558373291,0.968453872,0.205273604,0
207.9978992,3.187535014,0.685785581,0.333318945,0.577337809,0.954888569,0.217091848,0
217.3908964,3.492577031,0.601870401,0.200441304,0.447706716,0.952024826,0.238174705,0
169.9969188,2.685434174,0.743008242,0.438951492,0.662534144,0.964474333,0.225745672,0
171.0616246,2.311484594,0.773150475,0.48636026,0.69739534,0.965165976,0.182829302,0
81.29747899,2.162464986,0.718914132,0.37406698,0.611610153,0.966069394,0.229349473,0
210.8704482,2.899719888,0.755766619,0.454753656,0.674354251,0.950482847,0.222379586,0
209.97507,3.124789916,0.662075048,0.298318141,0.546185079,0.963664113,0.211847383,0
236.0598039,3.472128852,0.661868891,0.300244745,0.547945933,0.953028454,0.242710963,0
161.8595238,2.895518207,0.680706711,0.302167112,0.549697291,0.963859077,0.218422232,0
244.7536415,3.537394958,0.650306609,0.280873997,0.529975468,0.955633129,0.293249431,0
189.5197479,3.11372549,0.636693925,0.264074993,0.513882275,0.967491238,0.288570799,0
146.9366947,2.268487395,0.791935524,0.525625858,0.725000592,0.959509368,0.210542624,0
262.0655462,3.302661064,0.667009833,0.295241685,0.543361468,0.962578527,0.276047311,0
194.6743697,3.556022409,0.601176993,0.220317519,0.469379931,0.955294859,0.312770218,0
62.19691877,1.740056022,0.778061876,0.49080695,0.700576156,0.971280927,0.170072823,0
216.4168067,3.228851541,0.693068418,0.35356827,0.59461607,0.956423521,0.246895235,0
262.9721289,3.419467787,0.654038076,0.269590905,0.519221441,0.949113644,0.223654985,0
207.5948179,2.902380952,0.710593463,0.377745843,0.614610318,0.963456665,0.235311429,0
211.2257703,2.856302521,0.734677002,0.40780112,0.638593079,0.952202682,0.214825515,0
209.8166667,3.064145658,0.690863441,0.36763831,0.606331848,0.96474672,0.306198202,0
245.3410364,3.353221289,0.676097572,0.308662946,0.555574428,0.944942516,0.255108609,0
184.8889356,3.267927171,0.673977165,0.313688721,0.560079209,0.961173226,0.266692173,0
179.8577031,2.781092437,0.692099472,0.333006369,0.57706704,0.968794352,0.20196571,0
176.9911765,2.877170868,0.665180654,0.278086421,0.527339,0.962983591,0.16863712,0
211.4016807,3.050280112,0.688822709,0.331959078,0.5761589,0.961904949,0.224422897,0
216.6861345,3.018067227,0.703803954,0.361443911,0.601202055,0.964827039,0.236877482,0
240.7068627,3.420168067,0.668513335,0.310373463,0.557111715,0.956016296,0.248491674,0
110.0647059,2.41162465,0.709825452,0.37794048,0.61476864,0.966835846,0.210534296,0
297.2071429,3.82605042,0.657025945,0.292150301,0.540509298,0.941822621,0.242043841,0
189.8668067,3.268067227,0.640962684,0.276376482,0.52571521,0.957934706,0.263417223,0
230.1292717,2.711204482,0.767133062,0.46181352,0.679568628,0.960034603,0.1857428,0
168.3406162,2.867787115,0.697727689,0.348973334,0.59073965,0.955611125,0.229316494,0
220.3544818,3.211904762,0.705700871,0.387896306,0.622813219,0.957060093,0.226830524,0
167.6920168,2.928991597,0.705203604,0.371158934,0.609228146,0.96201156,0.271663587,0
255.6761905,3.366246499,0.708046037,0.377525245,0.61443083,0.941117355,0.25640453,0
197.5078431,3.124509804,0.684742828,0.33814262,0.581500318,0.965217833,0.233063356,0
227.1137255,2.704341737,0.766637786,0.478765016,0.691928476,0.964553723,0.206382073,0
219.5134454,3.052380952,0.693573509,0.332102625,0.576283459,0.958259613,0.230516979,0
159.407563,2.62394958,0.74500217,0.453956024,0.673762587,0.96788556,0.233789833,0
229.2922969,3.03627451,0.722298922,0.378820695,0.615484114,0.953706638,0.196590891,0
209.4281513,2.963445378,0.721093017,0.404842378,0.636272252,0.958022288,0.243593548,0
153.8711485,2.646358543,0.735646905,0.419498123,0.647686747,0.969303306,0.232191907,0
157.9404762,3.215406162,0.645614741,0.281787735,0.530836825,0.951948084,0.252106711,0
252.8355742,3.357282913,0.677480574,0.315486293,0.561681665,0.955562227,0.224519721,0
181.5413165,2.586694678,0.761589414,0.490683254,0.700487868,0.966491492,0.25172881,0
241.110084,3.167226891,0.701347555,0.357508356,0.597920025,0.953944875,0.254036496,0
169.622549,2.185434174,0.784307664,0.496330768,0.704507465,0.968721604,0.160319845,0
129.9913165,2.753221289,0.658319128,0.284587374,0.533467313,0.959729829,0.255172306,0
196.039916,3.119747899,0.656849775,0.286395313,0.535159147,0.953846332,0.27527211,0
202.2936975,3.08767507,0.690573585,0.329866751,0.574340274,0.959827461,0.231614989,0
251.4140056,3.546498599,0.649487029,0.287643911,0.536324445,0.954782723,0.263679501,0
225.1642857,3.158403361,0.692016817,0.336693422,0.580252895,0.955359209,0.21666129,0
155.9612045,2.797759104,0.680687031,0.317096692,0.563113391,0.964025575,0.233219399,0
197.0266106,3.033613445,0.69965715,0.376567019,0.613650567,0.967382149,0.262001557,0
262.0189076,3.01092437,0.739462413,0.442334954,0.665082667,0.964807962,0.242431626,0
199.0180672,2.827731092,0.739035861,0.440520385,0.663717097,0.957394791,0.220971898,0
168.980112,2.984733894,0.659767215,0.271112759,0.520684894,0.956915336,0.224455517,0
243.7463585,3.232633053,0.709888081,0.385876694,0.621189741,0.959249171,0.267544288,0
149.6939776,2.929971989,0.649483854,0.271107257,0.52067961,0.968323864,0.240447833,0
160.4584034,2.811904762,0.71522219,0.401745963,0.633834334,0.962032379,0.245682814,0
161.872549,3.135994398,0.682136599,0.340412145,0.583448494,0.961505086,0.2377558,0
103.8791317,2.581512605,0.635422636,0.218520271,0.467461518,0.958932102,0.164452284,0
277.7872549,3.351260504,0.696288086,0.351219713,0.592637928,0.950955517,0.231197265,0
182.8247899,3.246218487,0.670656705,0.31991529,0.565610546,0.956636383,0.253340832,0
146.8914566,2.894397759,0.676089492,0.313998541,0.560355727,0.962502578,0.27682612,0
175.7158263,2.566386555,0.761066138,0.451997103,0.672307298,0.96597507,0.179910624,0
282.1598039,3.589355742,0.653178553,0.271826515,0.521369845,0.949815663,0.246397289,0
244.2743697,3.648739496,0.664011274,0.310678919,0.55738579,0.950942099,0.268669205,0
216.1397759,3.315966387,0.656902422,0.297259943,0.545215502,0.962341895,0.251252774,0
212.57493,3.01232493,0.69612396,0.356448354,0.597032959,0.964915746,0.228782036,0
353.7397759,3.618627451,0.71921503,0.389161037,0.62382773,0.951886663,0.245673451,0
204.7666667,3.315966387,0.66760506,0.324882208,0.569984393,0.964761237,0.288188435,0
272.240056,3.259103641,0.727793094,0.411328227,0.641348756,0.954179373,0.236663965,0
177.7795518,2.73557423,0.708367816,0.369876706,0.608174897,0.96562619,0.215725407,0
158.1348739,3.119187675,0.618019404,0.220037054,0.469081074,0.959585879,0.238852461,0
131.5309524,2.689215686,0.691154618,0.330510204,0.574900169,0.967853377,0.210889438,0
236.7312325,3.014985994,0.724544171,0.389748184,0.624298153,0.955819291,0.224948046,0
244.0847339,2.780252101,0.770086586,0.487965245,0.698545092,0.959865073,0.223858295,0
171.205042,2.747478992,0.70257272,0.362575913,0.602142768,0.964060229,0.194130999,0
184.6707283,3.05140056,0.669778594,0.306028166,0.553198126,0.963981481,0.25966713,0
237.3722689,3.121848739,0.717871119,0.400812668,0.633097677,0.961852173,0.232486033,0
198.4191877,2.853221289,0.748160995,0.457707426,0.676540779,0.959781748,0.219466263,0
226.5501401,3.424369748,0.65047552,0.28181246,0.530860114,0.951862544,0.265926842,0
230.819888,3.51442577,0.659715458,0.302651933,0.550138104,0.947963194,0.243376026,0
191.7183473,2.875070028,0.704641347,0.358513405,0.59875989,0.957046739,0.227459739,0
162.429972,3.07745098,0.639329953,0.246199803,0.496185251,0.962203294,0.229019579,0
148.3827731,2.8,0.699566087,0.351794267,0.593122472,0.957849886,0.202645683,0
194.2753501,3.316806723,0.66378257,0.30718101,0.554239127,0.958583372,0.249071275,0
246.6484594,3.509803922,0.659690441,0.315607135,0.561789226,0.962271973,0.281617671,0