Perimeter to area ratio,contrast,dissimilarity,homogeneity,asm,energy,correlation,ent
1.095389186005127,152.4600840336134,3.399859943977591,0.6490790496050217,0.3178930886079923,0.563820085317996,0.9636968995856846,0.4654524918681262
1.154526428023209,145.5239495798319,3.080812324929972,0.7281811587324694,0.4536309818044865,0.6735213298808632,0.9591527509114629,0.3776855648470311
1.102860063180424,267.3642857142856,3.71750700280112,0.7175595990466658,0.4386754799959199,0.662325811059723,0.9611555047441549,0.3864748315615507
1.110042936557833,156.1456582633053,3.488655462184873,0.6685618210022924,0.3488653794851274,0.5906482705342727,0.961725689331048,0.4446928530139149
1.1015814136043,121.4098039215686,3.111904761904762,0.6587296535168046,0.3183371093535454,0.5642137089379745,0.974021051466858,0.4660890446009577
1.1016781888596,156.453081232493,3.199159663865546,0.6642697996586362,0.3352755906284083,0.579029870238495,0.9626380049821298,0.4537858937432953
1.124515620404171,289.1943977591037,4.373529411764705,0.6331204542747958,0.3049903883121877,0.5522593487775356,0.9566013015004597,0.4748624592336894
1.108557621124283,145.8908963585434,3.040896358543417,0.6983454368663381,0.3959087066199029,0.6292127673687994,0.9624079363326976,0.4133853018611034
1.094842654149682,193.8418767507003,2.5796918767507,0.7844815407434332,0.53886913588965,0.7340770639991758,0.9606799945538497,0.323681819568863
1.124423326083975,176.8983193277311,3.188935574229691,0.7309972300721057,0.455034356880007,0.6745623446946968,0.9690865873800658,0.3760354046767236
1.107382006223892,205.3411764705882,3.388515406162464,0.6748283783336219,0.3383445240841435,0.5816738984036877,0.958038489668041,0.4513208616448921
1.087116930003979,195.3305322128851,3.421988795518207,0.7262785933255554,0.4568459050286782,0.6759037690593819,0.9483399532033095,0.3753586947219802
1.116526952380352,248.6088235294118,3.927310924369747,0.6190003001937102,0.2652751002361728,0.5150486387091735,0.9558852114708367,0.501356273154725
1.100248298960204,195.1887955182073,3.503361344537815,0.6488534070866173,0.3071212798845029,0.5541852396848033,0.96490385087779,0.4735817745529509
1.108712737794368,276.1651260504202,3.82156862745098,0.6963703686311563,0.3854311038140747,0.6208309784587708,0.953010769257941,0.4205206761300043
1.110154284151562,172.4648459383753,3.635714285714285,0.6268003769708517,0.2838823176329355,0.5328060788250595,0.9638574917494663,0.4886043070630701
1.11834661912283,185.4922969187675,3.495238095238095,0.6808237187988248,0.3692131460427308,0.6076291188239178,0.960270803128133,0.4318216392382639
1.103669237895278,171.1009803921568,3.206582633053221,0.6757339222429317,0.3368304870967996,0.5803709909159827,0.9560310793034388,0.4523053890476281
1.109373699538122,118.8093837535014,2.939915966386554,0.7045600205782109,0.4094345385212909,0.6398707201625113,0.9669951260882086,0.405623382142408
1.104806838696583,116.681512605042,2.696498599439775,0.7349315547822239,0.4521840402827799,0.672446310334721,0.967882353914093,0.3778450308066089
1.126801401557755,201.0046218487395,3.308683473389355,0.7055146557138082,0.4030914228436473,0.6348948124245837,0.9681526739588857,0.4100694147372718
1.370367903115616,127.3724089635854,3.086554621848739,0.6768923995533165,0.3684687796687302,0.6070162927539343,0.9760053352117567,0.4324485328788613
1.104820528771276,142.400700280112,3.180812324929971,0.6557462958377075,0.3268581942580954,0.5717151338368571,0.9688634457688117,0.4590427961367071
1.153376716961892,197.6140056022409,3.173389355742296,0.7066567433007254,0.4121991149400938,0.6420273475017195,0.9692345985396347,0.4034686181712471
1.87955105755277,110.8988795518207,2.475350140056022,0.742342679582742,0.4589153700695966,0.6774329266204858,0.9686779984407172,0.3736492963488076
1.12522351498,223.1320728291316,3.712885154061624,0.6432754393672955,0.300673642005822,0.5483371608835407,0.9629108941884148,0.4770574864290003
1.111022114549344,132.1949579831933,2.877310924369747,0.7233713264590038,0.432809319806354,0.6578824513591724,0.9638593920635242,0.3904654686895642
1.138932031741264,186.076050420168,3.747759103641456,0.6678614046012639,0.3713541004637149,0.6093883002353383,0.971922329263179,0.429855576161921
1.105571127433138,117.7040616246499,3.272829131652661,0.6263075723608058,0.2754003856444539,0.5247860379663829,0.9651923312937651,0.4958347820748394
1.273306253678869,151.8948179271709,3.360364145658263,0.6870805581625988,0.3911648973314816,0.6254317687257992,0.9632821585298298,0.4175606562270143
1.096776963623273,209.0565826330532,3.120868347338935,0.7423447529471422,0.464574290500514,0.6815968680242845,0.9631579095725963,0.3703374630422409
1.10631974017221,240.3422969187674,3.995378151260504,0.6495616971312475,0.3086798346789696,0.5555896279440156,0.9458524851266799,0.4716732443326986
1.119740720771864,171.922268907563,3.713025210084033,0.6639545964459302,0.3452288072091582,0.5875617475714005,0.961441480488557,0.4469373935039982
1.349196763445959,121.5179271708683,2.557142857142856,0.7473678680703428,0.4748825216361054,0.6891172045712582,0.973336270974906,0.3638503173461096
1.145952040925759,144.9647058823529,3.013725490196078,0.7053078340968946,0.4058352360552064,0.6370519885026703,0.9598568371609718,0.4080780955069845
1.428069177963859,72.73333333333332,2.61890756302521,0.6858874065505061,0.3710361203304852,0.6091273432792893,0.9789611515960259,0.4306153864175911
1.107861420991676,205.4107843137255,3.075210084033613,0.7829480641930545,0.5569880991612332,0.7463163532720111,0.9551362990546824,0.3124740961617343
1.128879153989674,212.5600840336134,3.636274509803921,0.6990543872862148,0.4102792881858625,0.6405304740493324,0.96272858564115,0.4053211266818101
1.107194547425714,119.4620448179272,3.135854341736694,0.6888034599919115,0.3841896072154352,0.6198303051766952,0.9743074010721817,0.4210060973002882
1.130914277440864,155.9773109243698,3.056862745098039,0.7251157462052384,0.4457349312273928,0.667633830199903,0.9663844040649999,0.3819692857468296
1.119053352388488,200.6126050420168,3.922408963585434,0.6837137411785981,0.3972864047579816,0.6303065958388676,0.9672546191976831,0.4136107258153687
1.099122195735217,231.0334733893557,2.905602240896358,0.7807486301783227,0.5398910544610002,0.7347727910456403,0.9625753874582373,0.3231336097578794
1.134235337378076,139.9127450980392,2.997478991596638,0.713409063122074,0.4243382745254964,0.6514125225427405,0.9688963591262572,0.395734809700204
1.109345943196114,161.4893557422969,3.623109243697479,0.6439767132027953,0.3164826420764384,0.5625678999698066,0.9632508181930145,0.4661068755692641
1.110355221468114,215.2705882352941,3.702941176470588,0.6855819411337903,0.3890668129997097,0.6237522048054899,0.9608915527827518,0.4180389738014547
1.102468115901613,247.0605042016807,3.87408963585434,0.7097355986704312,0.423311353953346,0.6506238190793094,0.9531704831813705,0.3966084171140608
1.29831256093355,106.7896358543417,2.974369747899159,0.6793139759681572,0.3700007748197317,0.6082768899273847,0.9761760007727286,0.4312613202301968
1.097256222425291,175.2210084033613,3.561344537815126,0.649447759198165,0.3179706000047078,0.5638888188328509,0.9621326201529465,0.465147877305234
1.100903491432971,267.7427170868347,3.868487394957982,0.6898951281208746,0.390982687192524,0.6252860842786476,0.9549685234903423,0.4168628873499742
1.104044139226013,237.6127450980392,4.27955182072829,0.6378814331473243,0.3185497728503167,0.5644021375316688,0.9483912805626445,0.4645635725892832
1.127184679566274,114.1102240896358,2.855042016806723,0.6995690801729901,0.3991054461000086,0.631747929240776,0.9643067046598551,0.4116910267444647
1.133026349661718,195.6780112044818,2.911344537815125,0.7531616556837789,0.4864653508462208,0.6974706809939905,0.9662071191316389,0.3564170610949811
1.103036847654882,160.613725490196,3.235714285714285,0.6667375674365056,0.3357603825844063,0.5794483433270012,0.9659253615829777,0.4530733683461166
1.107998726971043,181.5991596638655,3.383613445378151,0.7034598713679616,0.4088921647090208,0.639446764562165,0.9676805055049511,0.4055392202350686
1.113812001958523,207.4064425770308,3.736274509803922,0.6551926741536361,0.3297945746926221,0.5742774370394697,0.9540834432041885,0.45777974220635
1.347902946006672,83.48361344537815,2.453501400560223,0.7329051001042084,0.4444365295137662,0.666660730442229,0.9721244899520303,0.3804055064467556
1.132052341808938,166.9991596638655,3.673109243697478,0.6902988080792275,0.401981518097435,0.6340201243631269,0.9639234861060957,0.4099443235155666
1.115572325538988,87.27436974789917,2.635434173669467,0.6938703291725652,0.3768922569027612,0.6139155128376877,0.9655436368859209,0.4263589020073277
1.109548545703259,120.7607843137255,2.604621848739495,0.7059660765707032,0.3849475084151308,0.6204413819331611,0.9711527518855255,0.4208012982273076
1.131581564666015,123.6578431372549,3.14187675070028,0.7186450868239872,0.4516301324451349,0.6720343238593807,0.9726307133346764,0.3787468872028108
1.102242082330688,163.0710084033613,3.206442577030812,0.6487122136117914,0.2944027611044417,0.5425889430355559,0.963609285594327,0.4810261637201756
1.115033818207999,269.1778711484594,4.275070028011204,0.6453326896127641,0.3238623782846471,0.5690890776360473,0.9488212560424174,0.4605270662382593
1.858302031084246,99.23949579831933,3.002521008403361,0.6318479773456177,0.2753872921717707,0.5247735627599495,0.9689594280129181,0.4948433881869301
1.137440887307319,188.8547619047619,3.919187675070027,0.6294603505463419,0.2924208703089078,0.5407595309459722,0.953917000908309,0.4824142020885109
1.119558620941274,91.47703081232493,2.700980392156862,0.6902649307213227,0.3765459909453978,0.6136334336926222,0.9660465200119046,0.4266794344319743
1.108952395111482,143.5936974789916,3.03235294117647,0.6845778430691962,0.3547494389912828,0.595608461148163,0.966537329397185,0.4405494973430675
1.109754315216545,89.53151260504201,2.62422969187675,0.7020788833131977,0.3905259456723866,0.6249207515136512,0.9701449791807059,0.4168393789526629
1.100669220431792,231.4844537815126,3.881512605042016,0.6219132638486156,0.2733429842525246,0.5228221344324708,0.9598087492057502,0.4970440869205814
1.092728722778563,156.5619047619048,3.237254901960784,0.6702532381997827,0.3360768032703277,0.5797213151768078,0.9562924516259109,0.453060258918917
1.105613343880807,271.840756302521,4.219467787114846,0.6779688178181398,0.384519915809461,0.6200966987571059,0.9578155051600314,0.4212461813642938
1.100536491842039,235.9368347338935,3.476330532212885,0.7328986313119362,0.463781345871682,0.6810149380679413,0.9568044057318983,0.3703788755384602
1.108720013230478,108.4740896358543,2.815266106442577,0.6816446211583796,0.3452612417516026,0.587589347888134,0.9555282232618628,0.4469939109103723
1.103034127083175,304.5826330532212,3.959103641456583,0.7031948713060358,0.4109270472895041,0.6410359173162641,0.9527992121284341,0.4039779552407627
1.092105922609365,268.816806722689,3.459103641456582,0.7346555934909224,0.4599887209785876,0.6782246832566532,0.9548263544760993,0.3726638497169877
1.139431497665554,132.0379551820728,3.151820728291315,0.7004850315052779,0.4088676843286333,0.6394276224316817,0.9657070752330701,0.4053613951473318
1.131108065813143,168.7767507002801,3.724369747899159,0.6514893451802317,0.3393133724077867,0.5825061136226698,0.9694391954717437,0.4501534634518531
1.103827461877664,199.0434173669468,3.477310924369748,0.6678283698341173,0.3361004499839151,0.5797417097155553,0.961723040828314,0.4532096913930207
1.108593027534546,136.2703081232493,2.805882352941176,0.7555466150127507,0.5025918112342977,0.7089370996317641,0.973426339898841,0.3465319690934103
1.497447059272599,168.6152661064426,3.765406162464985,0.6915738431205234,0.4013562287660162,0.6335268177165164,0.9685712551121869,0.4106624537673507
1.100103717685755,261.6644257703081,3.784313725490196,0.6948227761855454,0.3947555198550008,0.6282957264338194,0.9562869643079739,0.4144608031183624
1.15544546197829,75.96974789915966,2.11890756302521,0.7393121390666031,0.4261764509725458,0.6528219136736647,0.9655155496250513,0.3943588169943819
1.10425900543616,178.9330532212886,3.135574229691876,0.7282662171257864,0.4477162727836231,0.6691160383548007,0.9491831098992479,0.3806314380556836
1.118627583781034,202.1299719887955,3.590056022408963,0.6835321042628523,0.3712637407904338,0.6093141560725746,0.9613623201809709,0.4297545050462631
1.110143587686721,156.6880952380952,3.435294117647058,0.6758624063273454,0.3658953777589466,0.604892864695019,0.9594601461630949,0.4335602296412477
1.102308265590786,208.2710084033613,3.876890756302521,0.6402679475306828,0.3114584265078582,0.5580846051521742,0.9603320792117723,0.4693154819534589
1.151186591326161,191.5257703081233,3.008683473389355,0.7356366116475314,0.4491300539823772,0.6701716600859643,0.9728424334620179,0.3798031612845471
1.13792963271889,216.8427170868347,3.373109243697479,0.7351949529032604,0.4724015194313019,0.6873147164373115,0.9604959472746724,0.3651857885955889
1.11312116809887,113.346918767507,2.995378151260504,0.6815156488098923,0.3562268142551137,0.5968473961199074,0.9577904702253235,0.4400660202451182
1.11152265327894,235.6855742296918,3.613165266106442,0.6767595710507047,0.3493066932655415,0.591021736711554,0.9606855650448303,0.4452290926103487
1.108845218826889,251.6778711484594,3.657002801120448,0.6719689771488236,0.3409791367527404,0.5839341887171365,0.9632389743022876,0.4490444476127313
1.125003098087686,143.5810924369748,2.847899159663865,0.7031680863420549,0.38587321202991,0.621186938070908,0.9644248258933882,0.4207436185403758
1.099041627846074,185.5057422969188,3.72296918767507,0.6425528632661491,0.314842201586517,0.561108012406272,0.9593184359788071,0.4669318563083277
1.140289043302868,247.0385154061624,3.225350140056022,0.759053578048807,0.5071600208710936,0.7121516838926196,0.9624456017105569,0.3436963635850119
1.136427953099765,205.6764705882353,4.08781512605042,0.6271698885988326,0.2999832383933966,0.5477072561080386,0.9588912746905466,0.4774817017694642
1.119201759238839,132.5589635854342,3.16750700280112,0.7099027229928421,0.4263355734450643,0.6529437751024696,0.9570274203717324,0.3941532228844632
1.109109246629172,228.2693277310924,3.386274509803921,0.7469099660156591,0.4816890677839762,0.6940382322206582,0.9516238007043514,0.3597864519516971
1.118602690282614,137.9340336134454,3.184033613445378,0.6387939571838633,0.2815866836930851,0.5306474193785221,0.9658760052135164,0.4900853600795325
1.106476578372315,146.9443977591036,2.692997198879551,0.7383164262012588,0.4517405687765303,0.6721164845296761,0.9721147196669953,0.3781376258684733
1.091901554914882,229.1638655462185,3.529271708683473,0.7234653934976099,0.4450005982785271,0.6670836516348808,0.9609570501680889,0.3827761345067705
1.131369400751181,168.4075630252101,3.59859943977591,0.6309569765300052,0.2918203555932176,0.5402039944254555,0.9670645383282191,0.4833269412900556
1.157159996025957,122.8263305322129,3.024789915966386,0.7187632535052318,0.44386111307268,0.6662290244898371,0.97663672650529,0.3831842612430972
1.526242501845618,121.4340336134454,3.31078431372549,0.7020263761622221,0.4201972161413586,0.6482262075397435,0.9750066528140119,0.3984867607552908
1.131705739668836,153.6344537815126,3.052240896358543,0.7189501040670789,0.4243869508587749,0.6514498836125269,0.9653405328534408,0.3955816766359034
1.158927914033714,101.8025210084033,2.315686274509804,0.763102473509733,0.497087393781042,0.7050442495198738,0.967873007165458,0.3499589864962199
1.12564908607783,132.0840336134454,2.839215686274509,0.6950189887141662,0.3781759174257939,0.61496009417343,0.9708006913345454,0.425414406614985
1.220932401848255,234.9665266106442,4.143837535014005,0.6325975012111109,0.3112194779872734,0.5578704849579994,0.9688730000139391,0.4702400860406703
1.104289513362235,228.7021008403361,3.312324929971988,0.7384865998072268,0.4638726274823655,0.6810819535726707,0.9532912246215576,0.3704935630602358
1.10930827537928,202.2726890756302,3.320448179271708,0.6785876534317785,0.3487842784172492,0.5905796122600654,0.9635167166586464,0.445668629785495
1.106905283172708,181.0306722689076,3.219887955182072,0.6934656792523768,0.3724845526445874,0.6103151256888423,0.9661549788495,0.4287773844121541
1.10375890074965,174.7509803921569,3.564425770308123,0.6662303649518142,0.3493490925782077,0.5910576051267826,0.9523667099217001,0.4445713730366478
1.103759577826012,204.9672268907563,3.619047619047618,0.704120973099207,0.414885846495461,0.6441163299400667,0.9474538908394896,0.4016429616130681
1.1049799823893,259.2359943977591,3.894397759103641,0.7021923984457071,0.4140904597132971,0.6434986089443373,0.9523415024223821,0.4021744899097531
1.096993582856593,203.4991596638655,3.315406162464985,0.69395909435832,0.3676863000102001,0.6063714208389114,0.9599739896410884,0.4321350189643098
1.095116034808091,204.4953781512605,3.68235294117647,0.6354272615761262,0.284252406845091,0.5331532676867797,0.9548953341060819,0.4882278772353744
1.132257480984459,129.9081232492997,2.837114845938375,0.7056913245887837,0.3899789425574151,0.6244829401652339,0.9683599144212118,0.4178210302358492
1.105871289353499,189.0319327731092,3.090336134453781,0.7350969444317372,0.4609327456472787,0.6789202793018327,0.9551699545515498,0.3727009714514642
1.120141764808266,133.7546218487395,3.280812324929971,0.6785497563442711,0.3575601417037403,0.5979633280592885,0.9560626257282869,0.4384825219406041
1.144557517798668,138.116106442577,2.707002801120448,0.7569390294205601,0.4917354196580593,0.7012384898578081,0.9635343006533414,0.3529585247640702
1.159641296958028,117.2133053221288,3.074369747899159,0.7139252735039586,0.4416221586673885,0.6645465812622833,0.9707682750947862,0.384169198351455
1.100124128903096,160.7595238095238,3.227310924369748,0.6612343657052081,0.3315892533483981,0.5758378707139694,0.9683279114945734,0.4563354105946903
1.119344198203733,106.8563025210084,2.877310924369747,0.6559020080952324,0.3053542103115756,0.5525886447544643,0.9714440591164674,0.4749434492011942
1.115659686545915,247.8532212885154,4.209383753501401,0.6349155606918282,0.3085066575649869,0.5554337562346988,0.9545837858377834,0.4722871763138493
1.399343368209228,147.9798319327731,2.671848739495798,0.7460462234705905,0.475848515876939,0.6898177410569687,0.9724336374519562,0.3636372811107233
1.112713825629577,156.1767507002801,3.645658263305321,0.6424719000644263,0.3182634916711783,0.5641484659831827,0.9501411474777224,0.4641384967476126
1.105079214550355,216.7266106442577,3.796778711484593,0.680422795260382,0.3740878410187605,0.6116272075527384,0.9555957425528971,0.4275694055608632
1.10862517981174,189.5868347338936,3.596498599439776,0.686313164290171,0.387222732230147,0.6222722332148101,0.9554477400743155,0.4190771467133578
1.108150772244425,184.4665266106442,3.015126050420168,0.7517175024325181,0.4944795663363385,0.7031924106077501,0.9663204370635973,0.3517394188106843
1.129454805848645,148.7795518207283,3.061624649859944,0.7024448364190594,0.3973360716835753,0.630345993628559,0.9644455544343183,0.4133736821962569
1.130045655169554,253.5033613445379,3.041316526610643,0.7794518542637972,0.5396709860414755,0.7346230230815499,0.9651574577045291,0.3236395090848914
1.535707506231814,192.4599439775911,3.647619047619047,0.6282772316187857,0.2870457202488839,0.5357664792135505,0.961392250078695,0.4861005030869675
1.136591076349571,87.5704481792717,2.899579831932773,0.6621126695913575,0.3368657561063642,0.5804013750038538,0.9714307612811889,0.453613301101626
1.105455718467153,177.6983193277311,3.245518207282913,0.6797932653177402,0.3387211747444076,0.5819975727994127,0.9629800187262308,0.450978690140146
1.096942685407683,229.8543417366947,3.750700280112044,0.6847800465877979,0.3866300539823773,0.6217958298206714,0.9620284069545713,0.4195126025250551
1.112810854975517,137.6963585434174,3.158403361344537,0.6815246255537812,0.3573977336032452,0.5978275115810958,0.9584794357040901,0.4388384630885221
1.137204390352795,190.0600840336134,3.221988795518207,0.7195372920892811,0.4388484021059404,0.6624563397733774,0.970049558981498,0.3868070667485407
1.158479780983775,178.7577030812324,3.440896358543417,0.6611418138625297,0.3309419159820791,0.5752755131083532,0.9593746464944347,0.4563321956202798
1.126635288343264,219.5056022408963,3.699019607843136,0.6357519896910316,0.2868637258825098,0.535596607422517,0.9606762214754085,0.4864234556849524
1.161846472774818,173.3313725490196,3.16624649859944,0.7207760200213825,0.4386673296769689,0.6623196582292941,0.9667180448974616,0.3868001379732659
1.13026332185503,192.5824929971988,3.691036414565826,0.6940562740544879,0.4047385228601244,0.6361906340556456,0.963406743093935,0.407925158898135
1.094313530094593,260.9404761904761,4.359383753501399,0.5883722728819176,0.2319795957598726,0.4816426016870524,0.9546923487863096,0.525435168075739
1.119129396329019,160.0620448179271,3.201680672268908,0.7054177985528127,0.4181422372870717,0.6466391863219176,0.9664785245271071,0.4002581171939494
1.115099111754743,253.1392156862745,3.485994397759103,0.7212625851636468,0.4337870736529906,0.658625138947027,0.9614266528276469,0.3898404828057578
1.139152148125087,209.0050420168067,3.33109243697479,0.7161804809582133,0.42881366271999,0.6548386539598819,0.9630458971012956,0.3923582109135688
1.213681054830253,139.1567226890757,3.382773109243697,0.6694833324951334,0.3530118714152328,0.5941480214687521,0.963520477419689,0.4421137557601088
1.213816549198772,258.5446778711485,3.819187675070028,0.7095368304397576,0.4366886166231198,0.6608241949437988,0.9658052759468136,0.3883437744767231
1.098582350288285,336.7711484593838,3.928851540616245,0.7360157294001318,0.4651232453765821,0.6819994467568006,0.9518026966341822,0.3702612697674296
1.119096077415882,259.6016806722689,3.838095238095237,0.7237113803021489,0.4580616462271184,0.6768025164160654,0.9483592253870354,0.37437332650643
1.138010184155365,266.2439775910364,4.257282913165266,0.609478453624284,0.2632436013621134,0.5130727057270864,0.9556767324976677,0.5036293680332683
1.466403703864014,97.92044817927173,2.987955182072829,0.6820838254995016,0.3768425507457885,0.6138750286058137,0.9731624769485395,0.4251354841411671
1.095549758478287,97.30854341736695,2.826610644257702,0.6727516544558102,0.3333933573429371,0.57740224916685,0.9542224200712706,0.45520953391494
1.111301778511292,186.0457983193277,3.639495798319328,0.6322577405785378,0.2878464228828786,0.5365132084887367,0.9663069799760939,0.4854120379043735
1.116906801162458,145.4067226890756,3.194117647058823,0.7113003064968159,0.4218399516669413,0.6494920720585751,0.969964370242443,0.3974176722942063
1.098462842340208,206.8896358543417,3.460924369747898,0.6967568942696367,0.3953713936555014,0.628785650007617,0.9577862677892915,0.4140048970075349
1.118178708140382,110.0885154061625,3.145518207282913,0.6510044278577307,0.3167288385942613,0.5627866723673023,0.9603412427187833,0.4662064232029406
1.104197727683894,99.41834733893558,2.604481792717086,0.6863997226380425,0.3448840026206562,0.5872682543954306,0.9679166139326997,0.4477769147273191
1.117698692609164,132.9834733893557,2.886694677871148,0.6964787237929916,0.3753440297687703,0.6126532704301596,0.9666322070168912,0.4267368514725426
1.138693707364474,179.6523809523809,2.921708683473389,0.7473039674173924,0.479266873416033,0.6922910323094132,0.9608290803629944,0.361393502276117
1.101721612095941,175.3544817927171,2.849159663865546,0.787623018645375,0.5625406829398426,0.7500271214695123,0.9679506107648118,0.3089440541808991
1.132604899045,226.0271708683474,3.681512605042016,0.6836114049636626,0.3769160311183298,0.6139348753070881,0.9600714470547463,0.4270349540894566
1.112073956378186,132.8855742296919,3.233193277310924,0.6852023171739833,0.3895017516810646,0.6241007544307766,0.9628130236137393,0.4187051235968919
1.383370628948179,131.9984593837534,2.807563025210083,0.7217478193643172,0.4261423000572778,0.6527957567702763,0.9689857799464634,0.3944073682040363
1.098243315088126,335.5172268907563,5.045098039215684,0.5746714278369041,0.2237719989956767,0.4730454513000592,0.9487711497078286,0.5324228260148532
1.133389201138473,265.9375350140056,3.751680672268907,0.7271835325123768,0.4531334298425253,0.6731518623925253,0.9588984657196163,0.3774819171631562
1.136168695089031,161.0415966386555,3.153221288515406,0.728005804732714,0.459197100408791,0.677640834372303,0.9705631164960941,0.3734810024765763
1.132205630955198,134.1726890756303,2.9093837535014,0.7056789624764563,0.397783682100291,0.630700945060566,0.9588907002545827,0.4123643983148353
1.150971482469457,90.93081232492996,2.570728291316527,0.7120196260700531,0.4101429885679762,0.6404240693228013,0.9782323470952242,0.4046836269671497
1.13927576533169,185.6666666666666,3.600560224089635,0.6319293208494411,0.2937061981655407,0.5419466746512434,0.9682496412994406,0.4811347443578959
1.137785874297088,147.1135854341736,2.755602240896358,0.7563730366584772,0.4921303031016327,0.7015199947981758,0.9641400371734327,0.3531409531146819
1.10934832719914,206.2324929971988,3.844677871148459,0.6221750417588225,0.2743015441470706,0.5237380491687333,0.9607249342293082,0.4951248253817085
1.09691339914948,186.6245098039215,3.802941176470587,0.6443787286897406,0.3173557756435907,0.5633433905209067,0.9666665768004334,0.4651666425468316
1.127566966272183,135.4095238095238,3.171148459383753,0.6639562931866835,0.3416552307197389,0.5845128148464659,0.9707578778593533,0.4494069194452195
1.140121226940525,152.4836134453781,3.057282913165266,0.711087047410674,0.4166956194242404,0.6455196506879093,0.9629148948513723,0.4006610046657504
1.116252350583871,219.3823529411764,3.513165266106442,0.6975673118100977,0.4014638796695149,0.6336117736197102,0.9582848858965239,0.4107164306986397
1.125526395878788,86.89453781512603,2.424649859943977,0.751853242166347,0.4763812191543284,0.6902037519126714,0.9595000965716844,0.3626057019448358
1.114734166369477,153.3904761904762,3.549159663865546,0.6183726724485648,0.2668287413004418,0.5165546837464953,0.9630234140699355,0.5001634772694036
1.14706906094677,142.931512605042,2.684173669467787,0.7385952412086536,0.4553534551075333,0.6747988256566051,0.9749699046192367,0.3759474165782349
1.095683565474737,144.2413165266106,3.364705882352941,0.6341427512171817,0.2892085755870976,0.5377811595687391,0.9632419083182188,0.4861893319869135
1.112392093549108,126.2098039215686,3.179131652661064,0.681845869838911,0.3593405107140895,0.5994501736709145,0.9541343126165852,0.4376236246785458
1.118987222823103,163.6848739495798,3.658123249299719,0.6157068699892257,0.2772852964715298,0.5265788606386795,0.9693227497069872,0.4932185033762312
1.094199016966236,281.4766106442577,3.892717086834733,0.6937302462831312,0.3843914624673399,0.619993114854786,0.9492618088019129,0.4212192709245798
1.115538507931881,188.8245098039216,3.083193277310924,0.7036963670842251,0.3875257554001993,0.6225156667909646,0.9617633503465111,0.4191189409034571
1.132417332281062,121.3858543417367,2.820028011204482,0.6508858115094185,0.2985354043578214,0.5463839349375322,0.9714100469452649,0.4781564903454488
1.101099384561002,214.833893557423,3.692717086834734,0.638478344832471,0.286040671170429,0.5348277023214383,0.9580503474988321,0.4867596667142824
1.129898594366819,270.9763305322129,4.157142857142857,0.6366042108138131,0.3023191629593014,0.5498355781134042,0.9545076362197266,0.4763715631270228
1.111022114549344,132.1949579831933,2.877310924369747,0.7233713264590038,0.432809319806354,0.6578824513591724,0.9638593920635242,0.3904654686895642
1.139101927420036,91.48095238095237,2.809523809523809,0.7264036566295988,0.4515411262544234,0.6719680991344927,0.9745782306345832,0.378416687604422
1.086990765989403,225.7736694677871,4.045098039215686,0.6206008840642495,0.2751759233105006,0.5245721335626785,0.9493185543461575,0.4949559012002823
1.118204565359397,170.4768907563025,3.638935574229691,0.6423900213750359,0.2987222830308593,0.5465549222455683,0.9558718269658099,0.4774078828794627
1.107185341856203,252.2191876750701,4.034033613445377,0.6463779507483838,0.3110052844667278,0.5576784776793235,0.9516364707955262,0.469970760512949
1.125985907521952,220.5732492997199,3.89313725490196,0.6393571497609548,0.3146838833572645,0.5609669182378445,0.9593774179229336,0.4670958668086015
1.129670620077796,145.4324929971989,3.021428571428571,0.7389524572118172,0.4615149295012123,0.6793489011555198,0.9588877457151965,0.3727058102415655
1.129647006286159,132.13837535014,2.93781512605042,0.6860366980429956,0.3661969885993613,0.6051421226450537,0.9745833983448794,0.4332126540157683
1.09920064711845,180.056862745098,3.175910364145658,0.727278779617945,0.4452436562860438,0.6672658063216216,0.9628115791333541,0.3823252361437201
1.12735621210753,197.8635854341736,3.30812324929972,0.6861500336293,0.3667992491114093,0.6056395372756053,0.9682966553789972,0.4334825586569271
1.145919909868045,214.9427170868347,3.891176470588235,0.6732465807264878,0.3808832552628896,0.6171573990992003,0.9718685827091457,0.4233074447758222
1.12863490421948,192.9145658263305,3.656162464985994,0.6368236866045329,0.3111584241539753,0.5578157618371636,0.9669876470204763,0.469519263661733
1.087938249565991,246.8848739495798,4.078711484593837,0.6268520916965822,0.2774382890411067,0.5267241109357979,0.9480657731481326,0.4941758281659067
1.119002839335714,84.34201680672268,2.88781512605042,0.617715010457716,0.2467471988795519,0.4967365487655925,0.9621450507021709,0.5151553731244127
1.104784688965586,227.4207282913165,4.260224089635853,0.6374115859163203,0.3216296126293655,0.5671239834721905,0.9516633361730793,0.462371379419125
1.097597216514061,235.4238095238095,3.283613445378151,0.7272341819935533,0.4340831626768354,0.658849878710496,0.957248126682966,0.3894247231389984
1.146573325970798,198.6607843137255,3.519607843137254,0.6604750502884894,0.3281323607874522,0.5728283868554807,0.9603296443090259,0.4575630374483927
1.156084992601625,180.9247899159664,3.164705882352941,0.738671800601578,0.4774162802375853,0.6909531679047324,0.9632701567942746,0.362249703700269
1.127298350769091,205.374649859944,3.332212885154061,0.7049034747792127,0.4100485782548313,0.64035035586375,0.9661075842260722,0.405188986197111
1.160802557295148,125.1204481792717,2.901260504201681,0.714144196576805,0.4088640554260919,0.6394247848074799,0.9630423735709439,0.4053905194806184
1.121206254781328,155.1196078431372,2.962605042016806,0.6937119736694152,0.368146435044606,0.6067507190309757,0.964606995929469,0.4312835069198828
1.106826433105716,200.9851540616246,3.672408963585434,0.6629567196494586,0.3419721614135851,0.584783858714983,0.9652568853647067,0.4483590232684729
1.091452206429643,108.4719887955182,3.009523809523809,0.6459803646183874,0.2995150609263314,0.5472796916808913,0.9659176735328087,0.4777242524573058
1.107440955816993,228.1116246498599,3.992857142857142,0.6380275785420668,0.3084393267110767,0.5553731418704695,0.9516590738592334,0.4720804666756183
1.106989489160871,196.5228291316527,3.195378151260504,0.7290691697993749,0.4404189322787939,0.6636406650279908,0.964887292073895,0.3853060745123831
1.094982094943181,191.906862745098,3.855882352941176,0.625855684966156,0.2786500090232171,0.5278730993555337,0.9487188163940747,0.4927511152318216
1.106308709639143,221.3093837535014,3.682633053221288,0.7039813868787371,0.4126563860838454,0.6423833637975421,0.9533435183022962,0.4035717082192835
1.09578775231318,164.4247899159664,3.538375350140056,0.6444042385197761,0.3108074896625317,0.5575011118038525,0.9625801117249985,0.4697942176038606
1.150130912190396,215.0851540616246,3.616666666666666,0.6876528337910198,0.3827859869437972,0.6186970073822866,0.9588657842726023,0.4224399438015477
1.118237211215428,120.2236694677871,3.364005602240896,0.6145676057039752,0.2618693457775266,0.5117317126947739,0.9643346706749074,0.5045316789172966
1.393819189034879,136.4586834733894,3.444117647058823,0.6604954453773686,0.3503216384593053,0.5918797499993603,0.9704833853723306,0.4435660045881156
1.167623675108808,187.6833333333333,3.811904761904762,0.6811601050681775,0.3868655893730041,0.6219852002845438,0.9623541760338886,0.4200180065197087
1.102704299643802,129.8309523809524,3.162885154061624,0.6985014343926054,0.3974493817134697,0.6304358664554783,0.9567747397010702,0.4130476404670018
1.098876854340183,195.9621848739496,3.6296918767507,0.6723084924647207,0.3521704760335507,0.5934395302249006,0.9508981917109405,0.442186309434826
1.099549339240029,135.4757703081233,2.754901960784313,0.6903425898042728,0.3450148196533515,0.5873796214147641,0.9692859068148333,0.4469241942675553
1.094007196079061,178.5677871148459,3.565406162464986,0.6354607006135464,0.2844838817880093,0.5333703045614832,0.9545717165656328,0.4878981055003133
1.11656635648122,195.7927170868348,3.655462184873949,0.676997914534259,0.3699098070600789,0.6082021103712801,0.9575913599612519,0.4311300941681335
1.106844920928943,169.8502801120448,3.327450980392157,0.667152085575456,0.3346518803599872,0.5784910374067926,0.9630279020342323,0.4542425654586568
1.102430306160711,250.281512605042,4.245938375350139,0.5893791655781723,0.2340275325816601,0.48376392236468,0.9517980026008243,0.5242380943485238
1.13302573138569,168.0536414565826,2.784313725490196,0.740901416727906,0.4597015276698915,0.6780129258870302,0.9737806524079169,0.3733013316116693
1.123096405447759,127.3457983193277,3.106722689075629,0.7102030241247411,0.4150795514284145,0.6442666772606003,0.9557779060321534,0.4018757029521109
1.142470488598223,198.9978991596638,3.917226890756301,0.6293894880842024,0.2925693905012985,0.5408968390564864,0.956078996387695,0.4822375757701431
1.151862810095307,83.06834733893555,2.642577030812324,0.7017107735024181,0.4016783870410909,0.633781024519582,0.9743088604865823,0.4103270559088104
1.104616065745641,81.79327731092437,2.675770308123249,0.703112783337646,0.4019230829586736,0.6339740396567304,0.9671355560624887,0.4104932105780042
1.13477353079183,176.0532212885154,3.40658263305322,0.6852982222113949,0.3788985888473037,0.6155473896031919,0.9604544591701119,0.4247142800359101
1.105636604197958,196.6478991596638,3.464565826330532,0.6824133940147972,0.3706210817660398,0.6087865650341174,0.9598913738886687,0.4309450391726805
1.1340563593739,194.2900560224089,3.47156862745098,0.6609202060707581,0.3294934248209087,0.5740151782147478,0.9586184842996014,0.4572397850815727
1.119770586184097,97.3812324929972,2.939495798319328,0.7015872993145106,0.4041482475343078,0.6357265509118742,0.9621829477119586,0.4083748853064951
1.115756726986202,124.496918767507,3.192997198879551,0.6993578292726037,0.4156019760845515,0.6446719910811632,0.967384444334968,0.4010522972701634
1.110338768024807,153.2485994397759,3.327030812324929,0.6821985445841292,0.37111365134289,0.6091909810091495,0.9731517977340836,0.4299192045886147
1.161962956334375,283.120868347339,4.156582633053221,0.6865859186581972,0.3850585332172085,0.6205308479174976,0.9527083055485208,0.4213318569113427
1.154957105255457,150.1511204481793,3.187955182072828,0.6522020995932656,0.2991115367715713,0.5469109038696991,0.9628066798304341,0.4778648380894551
1.157200456289337,214.9271708683473,3.332773109243697,0.7028431547168816,0.4029913337884173,0.6348159841941736,0.9684164206956,0.4092317597090412
1.879612882992211,110.4033613445378,2.454341736694678,0.7379155342455491,0.4541920101373884,0.673937690100048,0.9611032666362884,0.3768722048251839
1.115678726496568,107.0079831932773,2.739915966386555,0.7102195481622926,0.4019497602962753,0.6339950790789116,0.9702952451631829,0.4098968528262302
1.110449917619271,114.975350140056,3.331372549019607,0.6452345589063586,0.3221110110710951,0.56754824558895,0.9643735775080663,0.4624223479113661
1.096051663702281,103.2558823529412,3.128571428571428,0.6326752329319235,0.2836029313686259,0.5325438304671513,0.9670524100670373,0.4891100418374375
1.133823999495972,99.04523809523809,2.399299719887955,0.7540931187441071,0.4914415570149628,0.7010289273738729,0.9750767370064857,0.3532425779798872
1.167890333684142,224.6151260504201,3.486554621848739,0.7071650057702227,0.4045350493138431,0.6360306984052287,0.9600202300025881,0.4088041403518283
1.153840163041288,161.2824929971988,3.816386554621848,0.6178427533797902,0.2794324004111449,0.5286136589335777,0.9651823853142438,0.491455451840655
1.108609073921693,218.7154061624649,3.895378151260503,0.6523285624012775,0.3275477838194101,0.5723179045071105,0.949512016981597,0.4582802549802203
1.100331704516364,194.9383753501401,3.432072829131652,0.7152140062297312,0.420904293089785,0.648771371971502,0.9546440377779161,0.3986181810768025
1.153069122763729,140.5878151260504,2.686834733893557,0.7266482500051847,0.4260700162417907,0.6527403896203994,0.9719599165894591,0.3946870956229523
1.127781698775743,180.186974789916,2.6703081232493,0.7814594270555449,0.5451514429301132,0.7383437159820033,0.9649406494253925,0.320413490823499
1.120762967698836,173.8687675070028,3.473109243697479,0.6463168520211953,0.2997241347519401,0.5474706702207344,0.9663834039970686,0.4777196298834429
1.154841573226801,97.2655462184874,2.828151260504202,0.6714832802358613,0.3411192614300623,0.5840541596719112,0.9670354341098737,0.450271492253311
1.197302699129924,208.7149859943977,3.661484593837535,0.6878555825506351,0.3892466104088694,0.6238963138285635,0.9610766233239193,0.4182670254612896
1.147196726556428,220.2057422969188,4.194817927170868,0.6392057632922734,0.3224099934091283,0.567811582665525,0.9550872862351958,0.4620105312508094
1.115084430684389,184.2927170868347,3.378151260504201,0.7110443659188164,0.4213427527873895,0.649109199432106,0.9697635250056897,0.3977013845475505
1.090332814709769,234.6070028011205,3.917927170868347,0.6311496199534649,0.2943415503456284,0.5425325339052289,0.9526690007580099,0.482235893780422
1.111652911702015,178.8614845938375,3.187675070028011,0.743817626060615,0.4798430254454722,0.692707027137355,0.9505697225265516,0.360671970551552
1.163554630193131,225.9114845938375,4.623669467787114,0.6271695896455148,0.3165273462326106,0.5626076307984194,0.9581798966237359,0.4661838570254982
1.310979683746917,111.5572829131653,3.11078431372549,0.7091086303821382,0.4277838488336512,0.6540518701400151,0.9669743736805113,0.3937061466824114
1.111568317236811,212.1960784313725,3.371848739495798,0.7420081449544014,0.4807906005539471,0.6933906550812082,0.9409249036520548,0.3605891034316068
1.319848231004046,93.17296918767506,2.529831932773109,0.732555723463129,0.4434050973330508,0.6658867000722051,0.9705560155103728,0.3818565225320299
1.119235091267937,189.6358543417367,3.501680672268908,0.721868486192966,0.4501376236769216,0.6709229640405235,0.9584032979850113,0.3793242178762734
1.120470146280088,141.2822128851541,3.055042016806722,0.6809232083896654,0.3539648996853644,0.5949494933902914,0.9661959478551362,0.4416055243791941
1.11858374389151,99.63949579831933,2.535854341736695,0.753890931529691,0.4982347448783435,0.7058574536535996,0.9669819556504227,0.3496533677220625
1.156132530975313,144.0967787114846,3.058403361344538,0.7221828115328789,0.4472328245023499,0.6687546818545272,0.9733222612108453,0.3808688748242243
1.111668951940807,194.1768907563025,3.931932773109243,0.6070306341379307,0.2547120122558827,0.5046900160057485,0.9526141184316028,0.5099225679832385
1.099716857943851,135.5836134453781,3.390196078431372,0.6404945989299621,0.305760058925531,0.5529557477100053,0.9648856506935496,0.4744294639089303
1.121863517974401,122.8001400560224,3.122408963585434,0.6982654207041715,0.4033332254470415,0.6350852111701558,0.9642862209404248,0.4084832748300531
1.116772262989926,261.2614845938375,4.032072829131652,0.6471532373248194,0.3258521447794803,0.5708346036983746,0.9590889714194283,0.4598934172000027
1.100237976225588,137.5361344537815,2.97829131652661,0.7198125279862146,0.4387501275019812,0.6623821612196249,0.9646161960862784,0.3866842110786315
1.118553800328017,136.5344537815126,2.882773109243697,0.7121343051707751,0.4151692833996344,0.644336312339786,0.9756899209231746,0.4014900234998537
1.094171709758472,276.3436974789916,4.299299719887955,0.5937258641374508,0.2356419626674199,0.485429668095616,0.9575964749743808,0.523560846099059
1.11517573251751,111.9616246498599,2.65406162464986,0.7463351727530624,0.4888891635085407,0.6992060951597466,0.9685335838331198,0.3554751278740765
1.108079820623662,206.3858543417367,3.257282913165265,0.7250074751710613,0.4303213246082747,0.65598881439265,0.9542869886188898,0.3921071509934883
1.105003454864575,121.3089635854342,2.791036414565826,0.7250461971902641,0.4215595453867822,0.6492761703518636,0.9613856089910909,0.3974058719518992
1.115538833917862,171.9113445378151,2.802801120448179,0.753082405995613,0.4827570341862235,0.6948071920944856,0.9667649241671022,0.3592904448913828
1.112995112430443,167.6850140056023,3.045938375350139,0.7374879870824621,0.4634014095834413,0.6807359323434024,0.9501458672159052,0.3708391457020397
1.123202076361603,212.7204481792717,3.46610644257703,0.7101704030624573,0.4237840920681998,0.6509870137477397,0.9601219326711555,0.3962548806851851
1.108667558317378,222.5156862745098,3.62829131652661,0.7227532831393099,0.4382897766949917,0.6620345736402229,0.95743460736294,0.3866991595081121
1.122931364002819,195.7224089635854,3.791736694677871,0.6505848158551839,0.3268281332140698,0.571688843002966,0.9507098645473063,0.4588154232979242
1.107005788114789,216.9528011204482,3.262184873949579,0.7240417096294328,0.4246838931651092,0.6516777525473071,0.9608172989050379,0.3955683833583377
1.122436306445635,118.2936974789916,2.891036414565826,0.6756195894978538,0.3472647588447143,0.5892917434044993,0.9637550055081519,0.4453610309009012
1.173335026269802,163.7670868347339,2.844257703081232,0.737369483334838,0.456000233426704,0.6752778934829009,0.9728051041237632,0.3758073264520082
1.167378053607807,133.2743697478992,3.109943977591036,0.6526374581453382,0.3040473051965885,0.5514048469106781,0.9634801219254824,0.4748317912167843
1.11582433274471,141.9570028011205,3.337955182072829,0.6546481219397785,0.3312622009588149,0.5755538210791541,0.965433235008078,0.4571671084155497
1.148772931190594,82.22086834733892,2.452801120448179,0.7009620128860201,0.3739133104222082,0.6114845136405404,0.9681164016056332,0.4280755915330654
1.10460471623913,143.2788515406163,3.090756302521008,0.6489948162957901,0.2946583241139593,0.5428243952826358,0.9630575300557335,0.4811207146682597
1.152405144709235,114.5250700280112,2.563025210084033,0.7456411051642485,0.4795392470713776,0.6924877234084209,0.9758055330868466,0.3606542223584523
1.122916088778127,193.3985994397759,3.469467787114846,0.7252455609058148,0.4522101585732333,0.6724657304080508,0.9589400744365172,0.3781576641618408
1.113537927037618,247.7885154061625,3.237394957983193,0.7453662751318665,0.4661693206694443,0.6827659340282322,0.9571685570651111,0.3694277461195324
1.128326438749789,94.32100840336135,2.498039215686275,0.7021400560099198,0.374670368147259,0.6121032332435918,0.9722215102621196,0.4274061274897065
1.10672248995207,156.8626050420168,3.535714285714285,0.6453040201145397,0.3153963644281242,0.5616016065042231,0.9605119197919433,0.4667924567862354
1.104980369622871,103.7682072829132,2.83795518207283,0.6547593277222727,0.3051917629797017,0.5524416376231083,0.9704007348680894,0.4745472550640958
1.121329016251372,194.9886554621849,3.448319327731092,0.7022559970086413,0.4108362756867454,0.640965112690812,0.9625088824637873,0.4048192646306484
1.090624672548955,245.7567226890756,4.299439775910363,0.5967838692037329,0.2514752567693744,0.5014730867846992,0.9571520741795362,0.5108651579815376
1.104001659080618,261.4441176470588,3.885154061624649,0.6991522157744748,0.41255497296958,0.6423044239062814,0.9617075162839607,0.4038602739390882
1.178296661375504,134.1705882352941,3.366946778711484,0.6800869369257473,0.3763325624367395,0.6134595035018525,0.9684964359725322,0.4263913708710312
1.123659971798405,273.303081232493,3.5484593837535,0.7049499782121492,0.4018448261657604,0.6339123174112965,0.9586656606517288,0.4101685251441778
0.309207662451413,242.2466386554621,3.775770308123249,0.7242865779275067,0.460131003381745,0.6783295684118045,0.9605684240588392,0.3730504745533531
1.111662488329439,191.7953781512605,3.850560224089635,0.6797402934339389,0.384436303933338,0.6200292766743664,0.9524021818415698,0.421176480213277
1.150622806582067,73.19439775910362,2.189775910364145,0.7639589633765683,0.4970968975825625,0.7050509893493963,0.9647232607007298,0.3503049474394952
1.106192258442791,220.6026610644257,3.797198879551821,0.659273393744106,0.344508989870458,0.5869488818206046,0.9660616364472744,0.4471253012106679
1.105194721517583,66.77535014005603,2.542997198879551,0.6713317286972175,0.324514168412463,0.569661450698977,0.9726460514712919,0.4603464864270487
1.110075275742591,276.7368347338935,3.768207282913164,0.7195485243537331,0.4379389697055292,0.6617695744785561,0.9555117819180453,0.3866734003340094
1.098036351467023,178.2983193277311,3.759243697478992,0.643132231445283,0.3171197596685733,0.5631338736646672,0.966400975105419,0.4653520471055431
1.12344182066819,191.7249299719888,3.393557422969187,0.7099231668233683,0.4237875738530706,0.6509896879775213,0.9581444642385897,0.3955930164474692
1.095378098541459,345.6936974789916,5.120728291316526,0.5738993665963299,0.2243293591946582,0.4736342039957189,0.949857309036421,0.5312486619815862
1.098036351467023,178.2983193277311,3.759243697478992,0.643132231445283,0.3171197596685733,0.5631338736646672,0.966400975105419,0.4653520471055431
1.092616057280325,131.1855742296919,2.960924369747899,0.7259707108913274,0.4477882427480795,0.6691698160766664,0.9621723802453969,0.3804303227465187
1.109589017567661,268.7528011204482,3.716526610644257,0.7094330560427167,0.425514774537266,0.652314935086777,0.9501444350715745,0.3946467969815479
1.128590476619607,192.4386554621849,3.161764705882352,0.7005791143135303,0.3919886287848472,0.6260899526304884,0.9666469478236542,0.4160399064734659
1.12053330069123,166.977731092437,3.590336134453781,0.6800055112201576,0.378737671539204,0.6154166649833298,0.9660534195984236,0.4250443688354508
1.136673149052707,124.2964985994397,2.820588235294117,0.6517777984459785,0.3001429395287527,0.5478530273063686,0.9720310189186857,0.476915780203268
1.102338772525065,253.2971988795517,3.455882352941176,0.7387760330255269,0.4651146831281532,0.6819931694145868,0.9566735556559172,0.3699635319844106
1.170293357140019,252.4127450980392,3.273389355742296,0.7754242053736584,0.5446187200370344,0.7379828724550688,0.9586749917738738,0.3201421794013311
1.106474746964294,160.9603641456582,3.207563025210083,0.6926844875145017,0.3752094269080182,0.6125434081826513,0.96427383525131,0.4273846864891832
1.129602768425235,185.4791316526611,3.641316526610644,0.6433466652768134,0.3161893679040244,0.5623071828671802,0.9613557704745986,0.4661111752973641
1.111466372142334,120.1988795518207,2.855602240896358,0.7367238518009792,0.4577424891525238,0.6765666923168209,0.9606873948462571,0.3745349010837681
1.123372670754291,163.5303921568628,3.278571428571428,0.7116408157663157,0.42005463950286,0.6481162237614948,0.9528396809500705,0.3988159450869315
1.164752341030242,70.1189075630252,2.250560224089635,0.7526265485195038,0.4848863368876962,0.6963378037186378,0.9719449974164139,0.3569820783589702
1.116503056587766,255.1985994397759,3.839215686274509,0.7136797521954318,0.4362723226545519,0.6605091389636876,0.953817350165876,0.3881646693540324
1.105648945692643,222.4606442577031,3.544257703081232,0.6880799864559538,0.3754050345628448,0.6127030557805672,0.9589114639005949,0.427825299780226
1.174929175557963,162.9512605042017,3.352801120448178,0.6654571644182211,0.347357305667365,0.5893702619469063,0.9695814092622344,0.4450993347146008
1.10181178939692,130.3826330532213,3.010084033613445,0.6918639364456224,0.3768766133904543,0.6139027719357962,0.9616874689536589,0.4262392101698883
1.144294601404467,94.45392156862744,2.553081232492997,0.71636245430653,0.4097098054908237,0.6400857797911337,0.9685277095016598,0.4048272493658017
1.096074977668361,236.2028011204481,3.407142857142857,0.7382114066389425,0.4562428304655196,0.6754574971569415,0.948117816209001,0.3761310997225475
1.104009169606636,144.9693277310924,3.163305322128851,0.7086897423639643,0.4118004260527741,0.6417167802487123,0.9564481030469266,0.4041038260234093
1.150523846462502,90.39607843137253,3.03235294117647,0.6854161128901145,0.3842852337013236,0.6199074396241132,0.970814958069459,0.4214656185632243
1.119455079553904,213.6232492997199,2.851820728291316,0.7797326562869534,0.5397891411466548,0.7347034375492296,0.9633021645242579,0.3234249420550144
1.623003265681098,72.76848739495797,2.103641456582633,0.7695090078671046,0.5111705564578773,0.7149619265792252,0.9694695711785075,0.339879896662974
1.118212743383362,214.6927170868348,4.097759103641456,0.6384860248450036,0.314390422835801,0.5607052905366606,0.9487486902361496,0.4685040449940304
1.138120186308849,242.5434173669467,3.856302521008403,0.7167842311873706,0.4463761779221492,0.6681138959205603,0.9562759157168726,0.3814808192043678
1.207515318099981,58.37016806722689,2.378851540616246,0.7307058365704677,0.4503327703630471,0.6710683797967589,0.9780103759656934,0.37773123677005
1.126249940059883,181.9908963585434,3.822128851540616,0.6522369974228273,0.3362302077693823,0.5798536089129586,0.968491568051731,0.4530174261363372
1.144640107960919,161.3305322128851,3.075210084033613,0.715348081398585,0.4144079004150681,0.6437452138968243,0.9635661584441908,0.4024282599476674
1.111455053652772,218.8885154061625,3.414565826330532,0.723333912642355,0.4419560177011981,0.6647977269073639,0.9549949325720609,0.385033536133252
1.105459082424646,139.5316526610644,2.79047619047619,0.7052775906989114,0.3930297511161327,0.6269208491636984,0.971863005854334,0.4158892647163628
1.157654434598393,238.0654061624651,3.888795518207282,0.6577126340285965,0.3444988289433421,0.5869402260395364,0.9585902258733702,0.447377184551836
1.099945835484434,188.4331932773109,3.50532212885154,0.646780111774076,0.3059070000549239,0.553088600546896,0.9617397781366266,0.4743653249906525
1.098990794522036,260.4663865546219,3.59859943977591,0.7311593367172884,0.4632062825130052,0.6805925965752238,0.9554105143491025,0.3710077606570127
1.118642527402686,171.7556022408963,3.329831932773109,0.6836702963791702,0.3641721590597023,0.6034667837252539,0.9630676699314372,0.4342014260596242
1.218738864161784,81.92450980392155,2.859803921568627,0.685235297947852,0.3803860661911824,0.616754461833218,0.9745855772653397,0.4229081168362975
1.105026403118357,292.4333333333334,3.577450980392157,0.7241801113309625,0.4266939913220191,0.6532181804895046,0.9557977317976211,0.3943948799925499
1.12591505489233,211.7600840336134,3.721288515406162,0.6500139220530146,0.3019451408014187,0.5494953510280307,0.956991041051236,0.4765788832818905
