name,contrast,dissimilarity,homogeneity,asm,energy,correlation,ent
rbc_05856.tif,4834.091095261634,37.80100275404279,0.5628353853531688,0.31093895082219,0.5576190014895386,0.3324072788485904,0.4671523790774881
rbc_09739.tif,3495.969069980933,27.64479909610903,0.6719652399868464,0.4468591475853104,0.6684752408169733,0.4067073506514783,0.3795839352638835
rbc_00133.tif,3690.351246380906,28.87239601723042,0.6617093820202733,0.4322533193773234,0.657459747343762,0.3821195575134641,0.3884352787906705
rbc_06224.tif,4544.581597344821,35.61739990113692,0.5893162376973782,0.3414168767986139,0.5843088881735532,0.3506715426185433,0.447011756988262
rbc_02718.tif,4985.942518183743,38.24574535696631,0.5626759139260114,0.3108612582307207,0.557549332553381,0.3490516555774489,0.4680678781032451
rbc_04816.tif,4708.454770143351,36.58865899300897,0.5791461000422866,0.3289087784804244,0.5735056917593969,0.3486178356447223,0.4551211544603251
rbc_03638.tif,4970.580326248146,38.81237200762658,0.5496543899356098,0.2971582199302829,0.5451222064182332,0.3466831306348534,0.4772065076614829
rbc_06998.tif,4162.221876986088,32.30591059953393,0.6279639201510006,0.3887479415514942,0.6234965449395001,0.3657904103451391,0.4161534647639455
rbc_01012.tif,2880.73017442271,22.83030859402584,0.7332276135816567,0.5327627289549682,0.7299059726807064,0.4329713934972717,0.3256280228430916
rbc_01990.tif,3602.959677988842,28.1742814772968,0.6744863096158517,0.4491269534394629,0.6701693468366506,0.3995437262590644,0.3774636703084945
rbc_02255.tif,4697.023938987359,36.64246875220676,0.5803606463962561,0.3309363656236489,0.5752706890009684,0.3551535664870434,0.4535355284556261
rbc_08793.tif,3534.976343478567,27.84732716616058,0.6752248008033893,0.4502637685920475,0.6710169659494815,0.391405068607835,0.3772420090913392
rbc_00495.tif,5324.718310853754,41.66654897253019,0.514845192853279,0.2578315466140013,0.5077711557522752,0.3308660175800994,0.5040881043754046
rbc_03822.tif,4922.220747122379,38.39121530965328,0.5534306630973383,0.2994718334959399,0.5472401972588818,0.3494778226804938,0.4753536982003324
rbc_00640.tif,4117.345667678836,32.54304074571004,0.6200447856860679,0.3775601585130325,0.6144592407255607,0.3839915993758385,0.423883890037128
rbc_06231.tif,5158.727490996398,40.50702633994774,0.5313910713631388,0.276960071009632,0.5262699602006864,0.3355163880303854,0.490785835523883
rbc_05658.tif,4447.446508014971,34.46719864416355,0.6073439152134359,0.3631223816742703,0.6025963671266782,0.3537485412306188,0.4326108359070319
rbc_06345.tif,4637.664006779182,36.49826989619376,0.5782750582734151,0.3293135479059424,0.5738584737598134,0.346961741059356,0.4546031941593051
rbc_09710.tif,3914.835392980721,30.87507944354212,0.639007157332384,0.4021570844366023,0.6341585641120069,0.3790925325475566,0.4076136997013618
rbc_09089.tif,3694.386554621849,28.81872749099639,0.6712579044573289,0.4455377651544547,0.6674861535301349,0.3800181012274853,0.3799547065556994
rbc_03765.tif,4235.231410211143,32.35237624461549,0.6348072112108769,0.3960909984899759,0.6293576077954217,0.357509272498166,0.4118415710770926
rbc_03940.tif,4136.695854812513,33.09540286702916,0.6045065390552397,0.360744958455183,0.600620477885314,0.3901930663112939,0.4350076033257997
rbc_05458.tif,4687.526163406539,36.94668455617541,0.571146091427089,0.3199017636522449,0.5655985887997289,0.356868399647302,0.4619426163621452
rbc_04342.tif,4051.882352941177,31.47235364734129,0.6398160504437079,0.4045788592544398,0.6360651375876843,0.3780298100744999,0.4062139240467323
rbc_05706.tif,3544.223854247581,27.71103735611892,0.6792580572040454,0.4532070212699824,0.673206522004936,0.4008480871283346,0.3756839420988718
rbc_00332.tif,5030.310147588447,39.29214038556599,0.5467155155576096,0.2935505011144719,0.5418030095103495,0.3355018357686331,0.4789549618538078
rbc_11559.tif,3858.910387684486,29.88023444671986,0.6577155503429609,0.4268848909606668,0.6533642865665883,0.3598725781257677,0.391842803150483
rbc_04627.tif,4376.204787797472,34.10804321728691,0.6077704298937299,0.3637181711517022,0.6030905165493006,0.3567652241840619,0.4321417891112613
rbc_10134.tif,5075.058541063484,40.42991314172728,0.5248475380143623,0.2685528649290209,0.5182208650074029,0.3428521743193143,0.4966687334888752
rbc_08784.tif,4127.5703693242,32.18007202881152,0.6251992178452425,0.3846210586985927,0.6201782475213015,0.3770746866683248,0.41903579128712
rbc_03410.tif,3445.145258103241,27.19468964056211,0.6797275845592703,0.4574941662862114,0.6763831505043657,0.3927476944803583,0.3724766327942713
rbc_05667.tif,4997.807923169267,38.75757361768237,0.5538082678766023,0.3010969750100281,0.548723040349162,0.3418787240269074,0.4742844898149333
rbc_02134.tif,4484.968010733705,35.23621213191159,0.5866364863691189,0.3379601249606043,0.5813433795620315,0.3621228619798539,0.4493563567644942
rbc_04592.tif,3479.454275827979,27.13085234093638,0.687948355439909,0.4670960829614456,0.683444279339176,0.4004689157532246,0.3666415800859289
rbc_11410.tif,3953.905938846126,31.07506532024575,0.6351337766721444,0.3988508009076429,0.6315463568952344,0.393158681860716,0.4100160100939406
rbc_09505.tif,4375.140032483582,34.04505331544382,0.6074446819079478,0.3640597193529167,0.6033736150619421,0.3489950142318258,0.4325936934496208
rbc_08196.tif,2857.049219687875,22.24037850434291,0.7448227343124354,0.5505351735480202,0.7419805749128613,0.4070848405203659,0.3148303025674961
rbc_01818.tif,3926.708000847398,30.87070122166514,0.6388995993036736,0.4040407757249206,0.6356420185331683,0.3714219682041808,0.4068191973873226
rbc_07299.tif,4195.941670785962,32.85488312972247,0.6184284447513426,0.3770391095080615,0.6140351044590704,0.3710676853926041,0.4237272066071862
rbc_10083.tif,3761.044276534143,29.17675305416284,0.6669023919430667,0.4395257847673558,0.6629674085257554,0.3775756464020807,0.3840415013683787
rbc_00243.tif,3967.900148294612,31.43097238895558,0.6301562808196589,0.3911294837744679,0.6254034567976643,0.3764279801992695,0.4150312210961885
rbc_03038.tif,2904.52284443189,22.66012287267848,0.7337984123731862,0.5334846716531315,0.7304003502553456,0.4374679663450163,0.32539038922841
rbc_05139.tif,3953.85142292211,30.67269260645435,0.6507669233449737,0.4187123783412182,0.6470798855946753,0.3712899450835851,0.396838574797765
rbc_02093.tif,4857.012640350258,37.89280418049573,0.5614019822209622,0.3090515594117365,0.555924059033009,0.3411415568915468,0.4679813383322942
rbc_08019.tif,4102.833274486266,32.29884895134524,0.6233256898574947,0.3823466205500464,0.6183418314735356,0.3798201779554134,0.4200147887672101
rbc_06034.tif,3945.00487253725,30.53710896123155,0.6503039354869715,0.4167954757140561,0.6455969917170123,0.3880265380622264,0.3979399483253411
rbc_08018.tif,4243.652990608008,33.62121319115882,0.6072950347098316,0.3621027237581415,0.6017497185359886,0.3714431318831116,0.4339385992674708
rbc_01766.tif,4829.314878892734,37.69521926417626,0.5629724719387738,0.3111754594376078,0.5578310312609077,0.3519870575008643,0.4671336000913454
rbc_04187.tif,4119.568109596779,32.38909681519667,0.6238725919312619,0.3838327830831172,0.6195423981319739,0.365869306933228,0.4192487777337959
rbc_05702.tif,4894.460278228938,38.1468822823247,0.5634159707608866,0.3117271665974154,0.5583253232636107,0.3480690816341441,0.4667695578446648
rbc_11763.tif,4120.14038556599,32.0161005578702,0.630088813572945,0.3919241124298365,0.6260384272788984,0.3574688675176974,0.4140476130602234
rbc_01438.tif,3390.191088199986,26.49191441282395,0.6963459403842448,0.480118578043462,0.6929058940747019,0.3865051522241292,0.3583532908340239
rbc_00726.tif,4564.804180495728,36.09589718240237,0.5801037665292402,0.3294761438390263,0.5740001252953054,0.3652774701568934,0.4550043171462404
rbc_05886.tif,4049.88136431043,31.3867664712944,0.638186931658642,0.4017090405368375,0.6338052070919247,0.386810923006056,0.4075184426156453
rbc_02131.tif,4724.244191794365,36.68568603912153,0.5728235926711286,0.3220612187600918,0.5675043777453103,0.3523523289091853,0.4600515535714103
rbc_08352.tif,3679.092860673681,28.92931290163124,0.6662974891924567,0.4370987839010036,0.6611344673370189,0.3890995768903357,0.3836048144870794
rbc_09931.tif,3915.619942094485,31.03439022667891,0.6332531967809794,0.3957347894274703,0.6290745499759709,0.3615832608994715,0.4114514382426201
rbc_07261.tif,4127.57898453499,32.71576866040534,0.6107592057384537,0.3689334384480515,0.6073989121228746,0.3890006184879365,0.4296060841577621
rbc_01638.tif,4238.178377233246,32.73073935456536,0.6199557840596879,0.3780799508727501,0.614882062571962,0.3653916744748173,0.422843445063764
rbc_07922.tif,3633.650307181696,28.54826636536968,0.6723110089938051,0.4448793827753459,0.6669927906472047,0.3787411459490816,0.3807530369130353
rbc_02133.tif,5065.879104583009,39.43859896899936,0.5417042977602237,0.2868567208636985,0.5355900679285404,0.351118159268746,0.4840021084218034
rbc_07665.tif,4666.648400536686,36.96377374479203,0.5680503913234173,0.3173498961305401,0.5633381720871932,0.3499673321567217,0.4628537004606341
rbc_08973.tif,5147.952686957135,40.72000564931855,0.523954350861358,0.2684795007823136,0.5181500755401988,0.3444845186214989,0.4964727424063243
rbc_11577.tif,5109.122519596073,39.68505049078455,0.5410500388484649,0.2867050557496453,0.5354484622721829,0.3394810491975792,0.4836989254365865
rbc_03173.tif,4328.483440434998,33.79676576512958,0.6114920526539022,0.3685898656517066,0.6071160232210204,0.3654342657350713,0.4297553757812381
rbc_06778.tif,4429.46034884542,34.94004660687804,0.5932971754670572,0.3469672993627843,0.5890393020527444,0.3609801316191456,0.4430396193613508
rbc_11562.tif,4025.043711602288,31.81879810747828,0.6233809938042553,0.3835703536660013,0.6193305689742766,0.3933649177471313,0.4193413896986239
rbc_00651.tif,5337.235223501165,41.52333874726361,0.521479657500623,0.2667994757854456,0.5165263553638338,0.3298450441817009,0.497915122326116
rbc_05729.tif,4571.81738577784,36.06143633924158,0.5778490565636305,0.3281804627956182,0.5728703717208791,0.3595272193869892,0.4556824007074674
rbc_02126.tif,4174.645717110373,32.73511757644233,0.6187938397410347,0.3779061847596346,0.6147407459731579,0.3698276648459485,0.4227753976347192
rbc_08351.tif,3456.010027540428,27.41939128592614,0.6792027034599901,0.4564441294697467,0.6756064901033343,0.3885272432910606,0.3732879796972774
rbc_10287.tif,4729.507096956429,36.47185933196808,0.585175654872623,0.3373853294376067,0.5808488008402932,0.3525455138876132,0.4494594071859356
rbc_03990.tif,3934.977473342278,30.8541769649036,0.6400247786277868,0.4044884605831845,0.6359940727579028,0.3832027377779746,0.4057480531566953
rbc_00597.tif,3547.18861662312,27.79478850363675,0.676702338629063,0.4539665536186268,0.6737704012633879,0.3903591859101589,0.3745036099768049
rbc_07549.tif,4087.540992867735,31.46176117505826,0.6387170356063097,0.401619978297836,0.6337349432513849,0.3779023868231493,0.4079560641709388
rbc_05835.tif,4668.393757503,36.31946896405621,0.5817841458530956,0.3325634818659929,0.5766831728653029,0.3570299773388357,0.4527555830652117
rbc_04242.tif,4578.881576159876,36.07019278299555,0.579818513821501,0.3285853818217616,0.5732236752104379,0.3654862704299149,0.4557728631260531
rbc_03277.tif,3235.007414730598,25.280276816609,0.7077775590937672,0.4960020654061812,0.7042741408046878,0.3968319843840303,0.3482718762380395
rbc_01460.tif,3964.53781512605,31.31163053456677,0.632319417730349,0.3948469196889636,0.6283684585408179,0.3838223197826647,0.4120989493532811
rbc_00018.tif,4133.352023162206,32.30379210507732,0.6268642687927773,0.3876038558085141,0.6225783933036177,0.3550647556586276,0.416572852740941
rbc_03511.tif,3935.515147235365,30.55532801355836,0.6497546852985077,0.41725196706247,0.6459504370015319,0.3746009151613087,0.3979872002268411
rbc_11049.tif,3755.416284160723,29.06701504131064,0.6678595412324241,0.4412122026976174,0.6642380617652209,0.3735041651701105,0.3826069372215633
rbc_01528.tif,4278.187839841819,33.73179860179366,0.6086212939999889,0.3652529239679105,0.6043615837955871,0.3782146634797524,0.4313057450924548
rbc_09612.tif,4351.774874655744,34.16326530612245,0.6044771864495675,0.359726347743432,0.5997719130998317,0.3536076187770589,0.434858417732792
rbc_03698.tif,4908.16171174352,38.35025775015889,0.5575735708243023,0.3045161471709314,0.5518298172180726,0.3458436956617292,0.4721171316425949
rbc_01931.tif,3791.076053950992,29.13621919355977,0.6684785489663702,0.4418697672599737,0.6647328540549006,0.3652165760096671,0.3826779207640388
rbc_01716.tif,3588.457736035591,27.70609420238684,0.6866192314441903,0.4656499435823626,0.6823854801960272,0.3707298450826924,0.367794472288164
rbc_08243.tif,4479.164324553351,34.85431819786738,0.5964444266922581,0.3492176518106377,0.5909464035008909,0.3706061077138539,0.4422623029282374
rbc_00145.tif,4503.178306616765,35.15316714921263,0.5899352732946209,0.3427396156084732,0.5854396771730399,0.3628480775431085,0.4468690877281995
rbc_00192.tif,4877.29637737448,37.14370454063979,0.5830449179997319,0.3336227440543585,0.5776008518469814,0.330081032551599,0.4519548244274573
rbc_05798.tif,4183.292846550385,32.69147659063626,0.6203312949193871,0.3783411435913626,0.6150944184361964,0.3753558115777907,0.4232092268510322
rbc_07776.tif,4860.928041804958,37.96596285573052,0.5600252319676097,0.3081104517973294,0.5550769782627716,0.34208390954403,0.4689503570812517
rbc_03262.tif,3287.650589647623,25.33267424616906,0.7103222094044865,0.5008875730305994,0.7077341118178488,0.3806884332754209,0.3453546333265321
rbc_11666.tif,5081.788009321375,39.31389026198715,0.54695943560809,0.2923281044307708,0.5406737504547181,0.3267069540704134,0.4802260641764478
rbc_09559.tif,3908.146034884542,30.23303439022668,0.6531429867012151,0.4207250652621506,0.6486332286139452,0.3858064123827356,0.3954678528407825
rbc_01688.tif,3483.719087635054,27.00063554833698,0.6924089177569746,0.4751413851824098,0.6893050015649167,0.391522286461353,0.361701627209521
rbc_04928.tif,5177.348774804039,40.58074994703763,0.5291248307143265,0.2748096019126857,0.524222855198708,0.3329486021461286,0.4927313355408856
rbc_01675.tif,3609.886307464162,28.20422286561683,0.671671138167577,0.4451606120043898,0.6672035761327946,0.3952097798917806,0.3797673059733634
rbc_04282.tif,3591.947037638585,28.44121177882918,0.6658097480858127,0.4385895042664625,0.6622609034711792,0.3985458259854484,0.3841177761162342
rbc_05822.tif,5110.464373984888,40.05437469105289,0.5379754856747712,0.2837639872408417,0.5326950227295555,0.3410491742203032,0.4859242350912591
rbc_02817.tif,3709.475037073653,29.00713226467057,0.6652041185757716,0.4371880755276308,0.661201992985223,0.3762653563634381,0.3852877775990682
rbc_05611.tif,3870.683426311701,30.53343690417343,0.6476418037589362,0.4137018045939468,0.6431965520693864,0.3815779652874223,0.4001387682963205
rbc_08296.tif,3867.573758915331,30.31438457736036,0.6513937082806498,0.41843851943632,0.646868239625598,0.3751880109460738,0.3971955589166995
rbc_03314.tif,3343.198785396511,25.81399618670998,0.7028990258468389,0.4891634916967487,0.699402238841676,0.3938529847602985,0.3529139707676888
rbc_00350.tif,4428.395028599674,33.95042722971542,0.6124010320052601,0.3700480428944485,0.6083157427639437,0.3571667815600836,0.4281032806948658
rbc_00387.tif,4838.702633994774,37.79394110585411,0.5570897910344188,0.3044382950054617,0.5517592726954951,0.3441344775543504,0.4722434861976927
rbc_05610.tif,3584.478920980157,27.72600805027894,0.6804987655154514,0.4583541604415144,0.6770185820503855,0.3902215846110708,0.3718417404815073
rbc_02619.tif,4414.692888920274,34.91857919638444,0.5884846765621095,0.3407577563897528,0.5837445985957838,0.3707255291290216,0.4480042377781142
rbc_01304.tif,4269.213191158817,33.71470941317703,0.6091467651898039,0.3649965683361868,0.6041494586078736,0.3816430064963195,0.431135601090317
rbc_04240.tif,4281.583645222794,34.35039898312266,0.5895986931383266,0.3418296548442794,0.5846620005133559,0.3737632462514203,0.4468662205851332
rbc_09957.tif,3980.426382317633,30.84796271449756,0.642744892897387,0.4079994177144721,0.6387483211050125,0.3685790221320588,0.4038629615598789
rbc_05406.tif,3957.306122448979,31.02902337405551,0.6424099517147194,0.4070975254106758,0.638041946435088,0.3625186886695377,0.4042441457822264
rbc_02355.tif,4337.646211425747,33.93856366075842,0.6056277766709955,0.3613372672247303,0.6011133563852414,0.3685493846663978,0.4335019160373016
rbc_07588.tif,5126.343619800862,40.2028105359791,0.531576606833479,0.2766629143006681,0.5259875609752269,0.3331871064270398,0.4910071713293599
rbc_06862.tif,4089.576301108679,32.30901772473695,0.6226375624956004,0.3826090798872873,0.618554023418559,0.3689661737756246,0.4201822696517494
rbc_11488.tif,3674.065108396299,28.39884188969705,0.6769212501297138,0.4534912923784099,0.6734176210780424,0.3717610672228862,0.3751407678094524
rbc_07598.tif,4333.585198785397,34.29503566132335,0.596881800186728,0.350637361745896,0.5921464022907645,0.3689597138779988,0.4409817606674724
rbc_09562.tif,3224.766047595509,25.28126544735542,0.7013316037388433,0.4858108120271579,0.6970012998747979,0.4084659078186196,0.3548135044758934
rbc_11852.tif,3641.722477226184,28.68328507873738,0.663163586850961,0.4345777041880109,0.6592250785490574,0.3978039981552229,0.3871120658816399
rbc_01328.tif,4659.557093425605,36.42694724948803,0.574568227877997,0.3247114835998242,0.5698346107422961,0.3601825413965843,0.4584392600343179
rbc_01506.tif,4930.717322223007,38.40985806087141,0.5540498728436996,0.2977751529627746,0.5456877797447682,0.343547852137587,0.4771580797056408
rbc_00142.tif,4896.720994280065,38.39728832709554,0.5565907906419152,0.3015635693873454,0.5491480395916436,0.3419577822328525,0.4742947205911283
rbc_00433.tif,3438.33161499894,26.94696702210296,0.6889273926310281,0.4678691890735033,0.6840096410676557,0.3859738561447746,0.3664480549066846
rbc_11516.tif,4911.3360638373,38.09702704611256,0.5633260659103024,0.3114906280618726,0.5581134544712862,0.337306647762581,0.4669719335283597
rbc_01711.tif,4431.776004519455,34.28246592754749,0.6096684899421385,0.3672186263190851,0.6059856651102278,0.3456523497347,0.4300912302138644
rbc_08245.tif,4199.221665136643,32.84697408375114,0.6209715182882539,0.3802539571347631,0.6166473523293221,0.3645030696558748,0.421522690534186
rbc_01513.tif,3283.988136431043,25.77445095685333,0.7009009890594274,0.4870914233008987,0.6979193530064192,0.3962837004920714,0.3540662403254119
rbc_07823.tif,4134.047454275827,32.15013064049149,0.6288509880736859,0.3903347553853491,0.6247677611603764,0.374212533297219,0.4153764818513025
rbc_05601.tif,2989.903114186851,23.22067650589648,0.7338921549141366,0.5333817264760907,0.7303298751085641,0.3964031872805768,0.3255709694879191
rbc_04721.tif,5193.161358661111,40.60377092013276,0.5353056720264785,0.2804639470446498,0.529588469516331,0.3193976073959666,0.488339361673434
rbc_10973.tif,4492.66054657157,35.65397923875432,0.5798760440953431,0.3301262383434868,0.5745661305224028,0.3702044644918702,0.4552569491992252
rbc_01698.tif,4695.997316573688,36.68836946543323,0.58022241862551,0.3310179478313794,0.5753415923009385,0.3518166927524323,0.4536878530140986
rbc_04051.tif,4211.247510769013,32.83030859402585,0.6214497862167472,0.3799928043096507,0.6164355637936951,0.3689184982870885,0.4217504500500542
rbc_03500.tif,4449.222230068497,34.73709483793517,0.596253201087131,0.3504697492051729,0.5920048557276983,0.3709271065550848,0.4407809773305368
rbc_03514.tif,3794.846691617824,29.52757573617682,0.6602317320733734,0.4310474086825438,0.6565420083151906,0.367877323258697,0.3894676995992776
rbc_10232.tif,4676.775933902973,36.6697267142151,0.57295929058619,0.3227826228960036,0.5681396156720666,0.3572963082254568,0.4590821834539933
rbc_00828.tif,5120.894710825507,39.99844643739849,0.5342182685860863,0.280314605726978,0.5294474532255095,0.3355995893499549,0.4887130437759588
rbc_07612.tif,3729.434644446014,29.16686674669868,0.6606201472391565,0.4312329134580675,0.6566832672286295,0.381353166876457,0.3893642524808416
rbc_05987.tif,4116.758562248429,31.87373773038627,0.6356076464696296,0.3983153902426311,0.631122325894617,0.364801676857047,0.4097853436923801
rbc_04119.tif,5660.921545088623,44.46437398488807,0.4801317501525349,0.2248985646672714,0.4742347147428912,0.3237998173203012,0.5284154898431677
rbc_02226.tif,4009.469246522138,30.81237200762658,0.6452220931726859,0.4116158632334325,0.6415729601794581,0.3666342694147822,0.4018729234709634
rbc_00431.tif,3832.042087423205,29.73010380622837,0.657373428188871,0.4277156232336373,0.6539997119522586,0.3804236804020615,0.3911886981063246
rbc_01049.tif,3855.572205352729,30.05042016806723,0.6540021366788363,0.4232020327373938,0.6505398010401776,0.36189335363852,0.3940604648287967
rbc_10186.tif,4474.867735329426,35.17293976414095,0.5918886344264006,0.3456386064480331,0.5879103728018694,0.3578706425708404,0.4446188381994097
rbc_00381.tif,3741.765270814208,29.38182331756232,0.6588267721201349,0.4291025307384279,0.6550591810962029,0.3757159178757031,0.3906470057448322
rbc_00154.tif,3410.231339594661,27.07435915542688,0.6808486449626784,0.4577811102591465,0.6765952336952622,0.406566633549312,0.3726205321592014
rbc_01276.tif,3440.327519242991,27.26700091801426,0.6767713383175926,0.4525405504837257,0.6727113426156316,0.3840920101781031,0.3754621195401198
rbc_01262.tif,5416.749523338747,42.37539721771061,0.5118130913251462,0.2566856157966411,0.5066415061921408,0.3121246445504599,0.5049607196143561
rbc_11918.tif,4278.515924016665,33.29651860744298,0.6131727052151638,0.3690181822156658,0.6074686676822647,0.3775704087838471,0.4289398100049342
rbc_09762.tif,4742.091801426453,36.86688793164324,0.5752994286137838,0.3254353411859928,0.5704694042505635,0.3401367661136596,0.4573076697909648
rbc_02151.tif,5095.618812230775,40.14137419673752,0.534532958853027,0.2808377790608301,0.529941297749883,0.3366283055028631,0.4879459952502732
rbc_01464.tif,3912.429771908764,30.45152178518466,0.647957935144356,0.4147929217421524,0.6440441923829081,0.3878735172400859,0.399727353042744
rbc_02810.tif,4082.639502859967,31.99223218699245,0.6277036575691488,0.3883077566712514,0.6231434479084662,0.3685445794916553,0.4164279793092461
rbc_09789.tif,4807.39707647765,37.77911164465786,0.5615793148152282,0.3096806799085125,0.5564896044927636,0.3517198588563379,0.4684364392254471
rbc_08118.tif,4583.181413741967,35.76767177459219,0.5867534064903492,0.3373871346184866,0.5808503547545499,0.3588791282931472,0.4504635276977776
rbc_05414.tif,4501.496504484146,34.40985806087141,0.6111117277495453,0.3679032685946433,0.6065503017843148,0.3315742100573311,0.4295567459084678
rbc_04934.tif,3384.828048866605,26.48668879316432,0.6909928334097771,0.4725174799728767,0.6873990689351249,0.3835210704299938,0.3635470451573848
rbc_04049.tif,2693.36487536191,21.3727844078808,0.7487824634014522,0.5562080192906614,0.745793550046299,0.4189680024587829,0.3112658507459362
rbc_01643.tif,4219.483652284443,33.21615705105572,0.6126872306705087,0.368589985332207,0.6071161217857808,0.3851551695038511,0.4297143125251506
rbc_11929.tif,4117.809335498905,32.18600381329002,0.624012184485445,0.3825218328025409,0.618483494365485,0.3691950726951451,0.4203977787354142
rbc_00165.tif,4009.438034037144,30.94371866393616,0.6515685267255449,0.4189866162343674,0.6472917551107594,0.3611797987925903,0.396677274997877
rbc_05035.tif,5583.416284160723,44.59459077748747,0.4711517086582724,0.2166716871805442,0.4654800609913858,0.3213244598745327,0.5345548324752039
rbc_01086.tif,3593.892662947532,28.28147729680107,0.6707235714195856,0.4452554986944077,0.6672746800938933,0.3928275621698682,0.380372470302946
rbc_06070.tif,3527.168844008191,27.75001765412047,0.6768990558381927,0.4533005914744966,0.673276014331787,0.3760314128353633,0.3747729241683423
rbc_04673.tif,4078.524962926347,31.86893580961796,0.6280984954769762,0.3894527898848593,0.6240615273231152,0.3791679635883909,0.4158593988495982
rbc_05551.tif,3849.625732646,30.52439799449191,0.6397628325447947,0.4035012759761474,0.6352175028886935,0.4052146280164544,0.4065186692660438
rbc_01722.tif,5135.449332674246,39.93164324553351,0.5407159310938863,0.2857985058797107,0.5346012587711618,0.3357003761160526,0.4843518342745226
rbc_05578.tif,3374.87988136431,26.22117082126969,0.7005318687452613,0.4860077662372141,0.6971425723890444,0.3895703708999761,0.3547199148270028
rbc_02217.tif,5200.229503566133,40.87041875573759,0.523516695221878,0.2677481432181239,0.5174438551361141,0.3460502474951017,0.4967971550430421
rbc_03860.tif,4777.053174210861,37.44664924793447,0.5615802818271225,0.3097592401836095,0.5565601855896714,0.3568341389708402,0.4682278695639515
rbc_02983.tif,4713.314313960878,36.42567615281406,0.5838110984422842,0.3352563429904707,0.5790132494083972,0.3403513909128288,0.4510083171685426
rbc_11900.tif,3939.898171033119,30.76336416919709,0.6442484305058127,0.4096247387493109,0.6400193268560809,0.3644548024406746,0.4029357930269508
rbc_03531.tif,4031.428995127462,31.70171598050985,0.6315429897704212,0.3944926155410882,0.6280864713883656,0.3820343195715785,0.412712683816663
rbc_09752.tif,3368.271449756373,26.51945484075983,0.6893213425884895,0.4700927929295312,0.6856331328994619,0.4093561382857562,0.3647328166753128
rbc_06307.tif,5261.652990608008,41.39114469317138,0.5169985057269147,0.2603473005447291,0.5102423939116869,0.3404953262503059,0.5021740993161801
rbc_05342.tif,3568.564649389167,28.01595932490643,0.6736226583321012,0.4483703133695769,0.6696045947942539,0.4013567782073149,0.3782951728516414
rbc_06887.tif,5115.937716262975,39.92585269401879,0.5365701493220042,0.2822630142458541,0.5312843064178107,0.33904143583589,0.4879728647969958
rbc_11479.tif,4447.187345526446,34.70602358590495,0.5991030707788282,0.3524789354714704,0.5936993645537028,0.3573199414628396,0.439245371377336
rbc_01697.tif,5146.591059953393,40.41762587387896,0.5254391212114448,0.2699447990148257,0.5195621223827096,0.3271549788797867,0.4952626886752455
rbc_04710.tif,4304.791469528988,33.30188546006637,0.6186503658475523,0.3766052477475865,0.6136817153440263,0.3571038934641906,0.4238085819837742
rbc_01668.tif,4135.020831862156,32.38937928112421,0.6218867008220036,0.3802538773477628,0.6166472876351301,0.3685114255892151,0.4213856453146611
rbc_07190.tif,5106.865899300896,39.57757220535273,0.5454144496942873,0.2906505727776597,0.5391201839828107,0.3344057882917979,0.4809800209991692
rbc_03490.tif,5060.81477296801,39.65214321022526,0.5347065279721163,0.2785972204672543,0.5278230958069704,0.3379329541864459,0.4892894106470808
rbc_02003.tif,4893.191582515359,38.44234164253937,0.5484570384249934,0.2951600342966413,0.5432863280965584,0.3551375221947853,0.4784829443949598
rbc_07609.tif,3858.910387684486,29.88023444671986,0.6577155503429609,0.4268848909606668,0.6533642865665883,0.3598725781257677,0.391842803150483
rbc_06926.tif,3673.339170962503,28.45364027964127,0.6720924196851299,0.4450665431311242,0.6671330775273583,0.3685770168093666,0.3802157967592361
rbc_04658.tif,5319.138478920981,41.51415860461832,0.5234044728110473,0.2676755171011689,0.5173736726015046,0.3330146279603902,0.4972564210764261
rbc_08936.tif,4909.793234941035,38.62933408657581,0.54554106842278,0.2915648021463659,0.5399674084112539,0.3438458007537455,0.480114869587582
rbc_01537.tif,4985.789421651013,38.71548619447779,0.555737978643983,0.3035033210166969,0.550911354953496,0.3439054738749472,0.4720670994207095
rbc_05779.tif,4930.185862580326,38.3039333380411,0.5598329056644447,0.307405822878215,0.5544419021666878,0.3370552693298375,0.4698468997379932
rbc_00167.tif,3505.991102323282,27.68773391709625,0.6804385627250632,0.4555873467412028,0.6749721081209229,0.3841508398386152,0.3740960534492777
rbc_05631.tif,4325.403855659911,33.94576654191088,0.6047910238055032,0.3593877117677261,0.5994895426675315,0.3719778866001714,0.4350437938352835
rbc_05194.tif,3739.664006779182,29.04215803968646,0.6662622528831409,0.4385898234144633,0.6622611444245112,0.3719681420262546,0.3844148691317404
rbc_01480.tif,4521.32222300685,34.75884471435634,0.6040632604440767,0.359388040889102,0.5994898171688173,0.3337449985950194,0.4354275236339529
rbc_00577.tif,4171.906503777982,32.91052891744933,0.6159037372311525,0.3734919290786716,0.6111398604891286,0.3654819791252096,0.4258327690778139
rbc_01669.tif,4861.709060094627,38.24701645364028,0.5565542455492124,0.3035814524366677,0.5509822614537311,0.3496132736967636,0.4724955651253782
rbc_00588.tif,5158.319327731093,40.62537956359014,0.5278811381889051,0.2700925645392429,0.5197043049073606,0.3402711949102402,0.4961884663023464
rbc_11330.tif,5595.707930230915,43.66443047807358,0.4946410599539062,0.2391114319257737,0.488990216595152,0.3161915555994543,0.5174959888076838
rbc_01651.tif,4822.039121530965,37.65129581244263,0.566352706289764,0.3148094580966179,0.5610788341192509,0.3452593036385112,0.4646162035542787
rbc_03708.tif,3595.193559776852,28.60249982345879,0.6589765749596426,0.4279002902456586,0.65414087950965,0.4092440586174244,0.3910126629759603
rbc_02199.tif,4760.430336840618,37.12633288609561,0.5711412682997663,0.3200605896495683,0.5657389766045542,0.3434577182989755,0.4610224561015595
rbc_05806.tif,3506.678483157969,27.18226113975002,0.6897011910095675,0.4705778380506506,0.6859867622998643,0.3724459175061273,0.3647480446746573
rbc_02614.tif,3893.634771555681,30.80093213756091,0.6398414022150707,0.4043094484748042,0.6358533230823002,0.3857552259448446,0.406337985860758
rbc_10204.tif,3995.069557234659,31.13763152319751,0.6390403117254857,0.4028734619914999,0.634723138062179,0.370509554904519,0.4068003047669838
rbc_00188.tif,4315.845349904668,33.81540851634772,0.6058041670849219,0.3607434125820537,0.600619190987146,0.3716377950086288,0.4338261759487022
rbc_05782.tif,4586.909963985594,35.84944566061719,0.5837630883779991,0.334357462645933,0.5782365109934974,0.3539731156254863,0.4513849239950169
rbc_11720.tif,5012.148294611963,39.3017442271026,0.5457797076865799,0.2917173848109217,0.5401086787035752,0.34345015575803,0.4803662735732835
rbc_08259.tif,4850.638655462185,38.08968293199633,0.5541302581413451,0.3014066383312773,0.5490051350682226,0.3399901627744541,0.4738111629211926
rbc_01094.tif,3754.781159522633,29.14356330767601,0.6626785597404871,0.4342048894560833,0.6589422504712256,0.3843905779300279,0.386817850935609
rbc_08715.tif,5257.401313466563,40.93552715203728,0.5262225917713854,0.2711202011553943,0.520692040610757,0.3292708350761412,0.4946293425177185
rbc_09350.tif,3916.050420168067,30.80389802980016,0.641825368492391,0.4058375291031184,0.6370537882338653,0.366591177131588,0.405444882363276
rbc_00604.tif,5045.454134595015,39.10430054374691,0.5574458162003245,0.3040483958821109,0.5514058359158986,0.3391480342823056,0.472186761425849
rbc_05783.tif,4221.77430972389,33.07393545653555,0.6161237577932642,0.3745290204543495,0.6119877616867428,0.3731485869233514,0.4257510157117183
rbc_10239.tif,5367.25895063908,42.21665136642892,0.510724427853043,0.2551147094959559,0.505088813473389,0.341170436312428,0.5066603401903007
rbc_09768.tif,4594.409999293835,35.62135442412259,0.5906002262109876,0.3434828514623217,0.5860741006582032,0.3535888008355994,0.4457562822636925
rbc_01320.tif,4211.912153096532,32.76562389661747,0.621172330455359,0.3801675976803943,0.6165773249807313,0.364606408238076,0.4221143796523372
rbc_09556.tif,4158.266224136713,32.41211778829179,0.6294676708407703,0.3908637930637179,0.6251910052645654,0.3628907688400724,0.4146487563262615
rbc_00200.tif,4541.431537320811,35.15782783701717,0.592660378903045,0.3446423959365952,0.587062514504712,0.3591457748580197,0.4448672974923121
rbc_04070.tif,4740.265800437823,36.36777063766683,0.5857221733093312,0.3375494413236948,0.58099005268911,0.348337996933627,0.449177418694249
rbc_11469.tif,5220.401525316009,40.66676082197585,0.5310904578173764,0.2769598515953813,0.526269751738955,0.3264527876070648,0.4905299524804518
rbc_05811.tif,4342.344749664571,33.98206341360073,0.6079065998765317,0.3630380966819072,0.6025264282020393,0.3641847491882458,0.4333669760134475
rbc_08299.tif,4739.146105501024,36.75107690134877,0.5776276415682928,0.3274526358061884,0.5722347733283852,0.3357472703092217,0.4562015314510687
rbc_08266.tif,5712.527081420803,44.70221029588306,0.4838856325098848,0.2269788710708946,0.4764229959509665,0.3099256553189962,0.5265838261497847
rbc_01242.tif,3521.41953251889,27.71273215168421,0.6763820619504693,0.4529208452469243,0.6729939414637581,0.3982572965293976,0.375542169075678
rbc_05030.tif,4074.776781300756,31.369536049714,0.642373280198996,0.4080895770247267,0.6388188921945928,0.3625776214839539,0.4038420795340805
rbc_07627.tif,5134.573123366994,39.88602499823459,0.5412757294603937,0.286553719756968,0.5353071265703157,0.3276238729106283,0.4834512202828802
rbc_09144.tif,3977.827272085305,31.35767248075701,0.6338306689883857,0.3960900909128485,0.6293568867604838,0.3857292853282203,0.4112154136211568
rbc_10830.tif,4055.786173292846,31.66061718805169,0.6331602472380057,0.3944035333553367,0.6280155518419402,0.366350225394627,0.4125350762050385
rbc_09637.tif,4249.70736529906,33.25485488312972,0.6128127225101451,0.3707353380877638,0.608880397194526,0.3636784770439468,0.4276004174974285
rbc_05757.tif,4342.592472283031,33.92133323917803,0.6082479102764754,0.3639736790465486,0.6033023114878218,0.3612745487796554,0.4319440968793615
rbc_06289.tif,4768.2148153379,37.07111079726008,0.5718608876339776,0.3215801729623584,0.5670803937382762,0.348314024726636,0.4600286157821519
rbc_09025.tif,3980.186851211072,31.25965680389803,0.634321034946569,0.3972469425758645,0.6302752911037085,0.3787711029791829,0.410897959317498
rbc_06316.tif,3913.839559353153,30.54925499611609,0.6437882345909052,0.4090823866152797,0.6395954867064648,0.3669871862394711,0.4031614841807464
rbc_03291.tif,4423.061083256832,34.2242779464727,0.6082920958806968,0.3638033836679428,0.6031611589516874,0.3511928127970539,0.4321573408970006
rbc_00954.tif,4216.174140244333,33.03283666407739,0.6186045353732115,0.3777330369957706,0.6145998999314681,0.3737426700257794,0.423245460537252
rbc_02825.tif,4808.215662735682,38.05818798107478,0.546641879928042,0.293091476528801,0.5413792354060146,0.3684836626668779,0.478988183775105
rbc_00203.tif,4048.190382035167,31.41515429701292,0.6333903802363724,0.3956459466027196,0.6290039321043387,0.370353163756704,0.4115668073031634
rbc_11382.tif,3551.203728550243,27.8058046748111,0.6732429710646162,0.4480866506370259,0.6693927476728635,0.39661518123964,0.3784511676755623
rbc_01191.tif,3974.122731445519,31.20556457877269,0.632996190947201,0.3952020815470912,0.6286510013887604,0.3800078281923268,0.4120476576108947
rbc_06173.tif,4646.462537956359,36.85883765270814,0.5664993908309384,0.3147299004840181,0.5610079326391189,0.3434544423480016,0.464373880223953
rbc_10739.tif,5217.060377092013,40.68215521502719,0.5309059860951683,0.2764407174784158,0.5257762998447304,0.3241288486125189,0.4916824474471611
rbc_07537.tif,3298.531459642681,25.82826071605113,0.6996914497543673,0.485417611716673,0.696719177084048,0.4025763767896464,0.3553618365739196
rbc_02671.tif,4113.682225831509,31.89252171456818,0.6356972722278514,0.3967138956007346,0.629852280777592,0.3534776815151035,0.4116120305121311
rbc_05718.tif,5102.916460701928,40.51592401666549,0.5277922353356539,0.2722975979709683,0.5218214234496015,0.3428398725318784,0.4936139157183912
rbc_06211.tif,4818.350398983122,37.37250194195325,0.5707310747129062,0.3200605397826932,0.5657389325322177,0.339896772656286,0.4611625564442369
rbc_01542.tif,3964.144198856013,30.55052609279006,0.6498375508162112,0.4142476773293629,0.6436207558254806,0.3697883621335891,0.4002955915648084
rbc_03433.tif,3743.670503495516,29.55582232893157,0.6520129498992633,0.4202676763099841,0.6482805537033979,0.3853276686501576,0.3960818977519899
rbc_11037.tif,2953.014193912859,22.91504837229009,0.736938329232669,0.5389655598466058,0.7341427380602533,0.3979382304331564,0.3219340703450471
rbc_00890.tif,4930.277381540852,38.83793517406963,0.5464969476659703,0.2924041314686105,0.5407440535674992,0.3535671995410051,0.4797453000244401
rbc_06749.tif,4638.797966245322,36.14137419673752,0.5818914066950404,0.3336232826166102,0.5776013180530409,0.3559147268530227,0.4524482609681063
rbc_04638.tif,4057.99138478921,32.20761245674741,0.6232656577159577,0.3826088804197867,0.6185538621816105,0.3959851500660491,0.4200585162562818
rbc_06985.tif,4906.725090036014,37.78504342913636,0.5683857668342283,0.3165552475284216,0.5626324266592014,0.3361797015769317,0.4637685903255294
rbc_01796.tif,3919.540710401808,30.58357460631311,0.647517396308747,0.4140650249390972,0.6434788457588153,0.3603036432115432,0.3998179564419058
rbc_02738.tif,4951.632794294188,39.07605395099216,0.543557265303336,0.2873869752938205,0.5360848582956065,0.34203021094375,0.4841141212569742
rbc_05719.tif,3388.590071322647,26.64472847962714,0.6911244498133836,0.4733912673058437,0.6880343503821911,0.3869600653399987,0.3629336151923013
rbc_09645.tif,4773.992655885884,37.48873667113904,0.5604697836864428,0.3088168759239487,0.5557129438153737,0.3434201433159108,0.4690030017924465
rbc_10248.tif,3767.974154367629,29.66443047807358,0.6524174980023039,0.4210915867944353,0.6489157008382794,0.3891962604173512,0.3952353871900298
rbc_10506.tif,3324.778052397429,26.35576583574606,0.6923570156568382,0.4747519049408103,0.6890224270231051,0.3967562401477874,0.3617549996863309
rbc_04215.tif,3840.048725372501,29.50624955864699,0.6644725182300747,0.4359776369205883,0.6602860265980103,0.3576722031304009,0.3848741161650114
rbc_04759.tif,3671.017159805098,28.62114257467693,0.6708173775737157,0.4445957100694199,0.6667801062339967,0.3795538619319502,0.3805892371114871
rbc_01153.tif,4496.331473765977,35.05726996681025,0.5935339689558653,0.3458880305841122,0.58812246223394,0.3544431863657886,0.444688641739571
rbc_09527.tif,3305.990819857355,25.77402725796201,0.7040754805938251,0.4908441250694938,0.7006026870270294,0.3834679317547681,0.3519036078435649
rbc_04001.tif,3637.280276816609,28.5115457947885,0.6678031699356658,0.4399938751509274,0.6633203412763152,0.3827787544669924,0.3836392627285151
rbc_09257.tif,5487.920485841395,42.87070122166514,0.5041565340685308,0.2481723927394806,0.4981690403261534,0.3185304918253899,0.5111772254965198
rbc_04773.tif,5125.854953746204,39.45710048725373,0.5521257907115553,0.2990081513441308,0.5468163780869505,0.3229259915422075,0.4755661463913392
rbc_11430.tif,4011.243132547136,31.61641127039051,0.6335784262240771,0.3964458711202279,0.6296394770979881,0.3897053431744735,0.4111599074947171
rbc_03587.tif,4853.807358237413,37.46656309582657,0.5702945118880393,0.3193416190171633,0.5651031932462984,0.3348857477336363,0.461175646424845
rbc_06366.tif,3714.39559353153,29.27603982769578,0.6613189248304695,0.431232713990567,0.6566831153536438,0.3851242562302551,0.38919888465971
rbc_01421.tif,3862.592048584139,30.41409504978462,0.6433001281768694,0.4088113900690144,0.6393836016578892,0.3817736992014566,0.403334206056352
rbc_00059.tif,5572.873102182049,43.88348280488665,0.4843849970711125,0.2285287534970204,0.47804681098928,0.3241345852088709,0.5254108685512889
rbc_05653.tif,3359.952263258244,26.26693030153238,0.6975373823359805,0.4812940101041556,0.6937535658316688,0.4005519212742481,0.357954789308056
rbc_07865.tif,3886.008050278935,30.07471223783631,0.6551934577219576,0.4242132432048738,0.6513165460855986,0.3607032840019301,0.3932731841752016
rbc_11785.tif,3860.776498834828,30.33641691970906,0.6486217414788014,0.4153380464744416,0.6444672578761791,0.3829085407934152,0.398616338874244
rbc_00844.tif,3394.037850434292,26.55801143987006,0.6931074750456666,0.4759202658786089,0.6898697455886936,0.3755096617621189,0.3610667360115022
rbc_09653.tif,3597.732928465504,27.918226113975,0.6808279144282631,0.4580677450574557,0.6768070220213851,0.3932053140649974,0.3723831041822788
rbc_01555.tif,3872.475955087917,30.25238330626368,0.6500461795776261,0.418072965321413,0.6465856210289654,0.3752352572218379,0.3970277317052258
rbc_01964.tif,3657.523056281336,28.77268554480616,0.6610308762378967,0.4317891186100128,0.6571066265150678,0.3930327815646413,0.3886379845454533
rbc_10114.tif,4722.639926558859,37.16164112703905,0.5698321046491746,0.3193416190171635,0.5651031932462987,0.3516254477844379,0.4613047144153162
rbc_04149.tif,3834.657863145258,30.22470164536403,0.651652038842164,0.4188952102522344,0.6472211447814683,0.3835859384116586,0.396766618090436
rbc_05243.tif,4511.060800790905,35.4287126615352,0.5884120138237137,0.3392754535528178,0.582473564681538,0.3533079282182748,0.4489247548487367
rbc_06011.tif,3539.226608290375,27.90565638019914,0.6730908668384583,0.448749012392771,0.6698873132048188,0.4015244659732045,0.3783095820543006
rbc_06944.tif,4817.394816750229,38.30591059953393,0.5510768393333401,0.2976964430870523,0.5456156550971135,0.3546449148575784,0.4759251298491962
rbc_11035.tif,4639.203728550244,36.42158039686463,0.5737958485519302,0.3247119224283254,0.5698349957911724,0.3431463788700291,0.4587579228250031
rbc_07643.tif,4288.22343054869,33.52630463950285,0.610464823489956,0.3660209037652036,0.6049966146725151,0.3675059083191104,0.4303680796177315
rbc_06213.tif,5150.787656238967,39.88616623119836,0.5408589042034624,0.2871592033549276,0.5358723759953741,0.3303188765811797,0.4836852751685413
rbc_03419.tif,3309.831085375326,26.28627921756938,0.6915031553351517,0.4732936977779432,0.6879634421813002,0.4016025677128105,0.3628896523089941
rbc_00689.tif,3625.903961584634,28.37949297366005,0.6737714916910926,0.4469533860059516,0.6685457246934959,0.3849818607893776,0.3788317789767762
rbc_07680.tif,3477.83758209166,27.35046959960455,0.6817937198782509,0.4595978901744008,0.6779364942045831,0.3889622215164788,0.3711786991083574
rbc_03545.tif,4346.071746345597,33.95635901419391,0.6108963619036336,0.3667906189297519,0.6056324123837428,0.3611417168389667,0.4302309725199159
rbc_11627.tif,4837.885883765272,37.81540851634772,0.560995600616484,0.3085025749833115,0.5554300810933015,0.3339013332332146,0.4685490496609755
rbc_05646.tif,4862.96292634701,38.40929312901631,0.5511779836226629,0.297388545053183,0.5453334255785015,0.3458925199045039,0.4764821101440446
rbc_03551.tif,3961.329849586893,30.85431819786738,0.6401880638330125,0.4041304463397988,0.6357125500883232,0.3823754761234864,0.4067659161930947
rbc_02698.tif,5685.623896617471,43.78306616764353,0.5004866514502557,0.2444578889972434,0.4944268287595682,0.3122714403452574,0.513619769163328
rbc_01385.tif,4062.844573123366,31.41854388814349,0.6418611536657828,0.4053877498360985,0.6367006752282414,0.3688009963028734,0.4056474591908254
rbc_05875.tif,4269.429136360426,33.31050067085657,0.611993143385886,0.3691895547187747,0.6076097059122532,0.3616104990198348,0.4289422345029885
rbc_00514.tif,4233.187345526447,32.46719864416355,0.6310575283506993,0.3936942069765839,0.6274505613804038,0.3506922500393673,0.4129090959267639
rbc_06165.tif,3502.909116587812,27.48831297224772,0.6786002985974416,0.4555856014005728,0.6749708152213493,0.4031732807616742,0.3735862755722293
rbc_11394.tif,4048.997952122025,32.32751924299131,0.6193525124123583,0.3776461888460256,0.6145292416525234,0.3776569018828887,0.4232680608330424
rbc_11353.tif,3221.775015888708,25.48478214815338,0.702205172484721,0.4889667967944434,0.6992616082657788,0.3895968656737364,0.3532853423334204
rbc_01632.tif,4617.699879951981,36.03375467834192,0.5853141569119604,0.3368934625279678,0.5804252428418045,0.3442777713014337,0.4494848239142823
rbc_09520.tif,4743.505119694937,37.15938139961867,0.5672405650457989,0.3159197540450024,0.5620673927964531,0.3544211474276895,0.463891158464918
rbc_04004.tif,3793.358661111503,29.55059670927194,0.6609860507797488,0.4312323050821909,0.6566828040098134,0.368388112735989,0.3888873211167314
rbc_07928.tif,4959.431254854883,38.20464656450816,0.5622135588010391,0.3095236690654443,0.556348514031847,0.3401500361709759,0.4685884232558864
rbc_05695.tif,3870.545724172021,30.32653061224489,0.6512207591418874,0.4180730850019133,0.6465857135770271,0.3746990192701866,0.3973508972345465
rbc_00935.tif,5703.028740908128,44.98086293340866,0.4726953297079005,0.2173956644472133,0.4662570797824022,0.3162867286153486,0.5343312862789259
rbc_11838.tif,4959.431254854883,38.20464656450816,0.5622135588010391,0.3095236690654443,0.556348514031847,0.3401500361709759,0.4685884232558864
rbc_10298.tif,3719.59579125768,28.94202386837088,0.667328701658396,0.4405560643278898,0.6637439749842479,0.3819934782579263,0.3832041024236621
rbc_09078.tif,3827.907492408728,29.9854530047313,0.6513412855640048,0.4189866960213675,0.6472918167421612,0.3787251080459734,0.396659313166554
rbc_02703.tif,4072.635972035874,32.03813290021891,0.6244391596833241,0.3844455472448472,0.6200367305610589,0.3883938217213961,0.4189760279503345
rbc_01785.tif,4380.138973236353,33.87204293482098,0.6133321875012672,0.3714239597399582,0.6094456167206047,0.3583423896105543,0.4275685944441851
rbc_03192.tif,4900.261845914836,38.84188969705529,0.5459469697708288,0.2922511398956785,0.5406025711145652,0.3465105845854714,0.4795236028240071
rbc_01579.tif,3567.393969352447,27.64790622131206,0.6813283407394293,0.4595022654546307,0.677865964224957,0.3770875881096499,0.3713063177802812
rbc_00101.tif,3044.680601652426,23.25697337758633,0.7368465853307783,0.5378257127880122,0.7333660155665874,0.3753901343176474,0.3227177853670801
rbc_07691.tif,4418.151684203092,34.14504625379564,0.6109220082339911,0.368503167102587,0.6070446170608771,0.3482738023541999,0.4290598105147743
rbc_09723.tif,4985.947178871549,38.50038839065037,0.5603930427685877,0.3086595957997547,0.5555714137712223,0.3435043184677583,0.4687733940021141
rbc_04207.tif,3520.688086999506,27.63293552715204,0.6773641731047124,0.4519711904501183,0.672288026406925,0.4077066841500894,0.3762855131827252
rbc_00920.tif,3842.131487889274,30.30619306546148,0.6467757568396778,0.4131570688232837,0.6427729527782603,0.3892788037239507,0.4005715441787189
rbc_11408.tif,3250.566767883624,25.78603205988278,0.695892376633757,0.4788478902778747,0.6919883599294678,0.4009081029283442,0.3586849315890679
rbc_08171.tif,3763.603135371795,29.46246733987713,0.6586360767105858,0.4293796309902101,0.6552706547604662,0.3977127210567764,0.3901291109654154
rbc_01627.tif,4341.922604335852,33.7929524751077,0.6134603952759865,0.36884778710331,0.6073284013639655,0.3575137372362027,0.4297003139684256
rbc_04039.tif,4478.333168561542,35.16856154226397,0.5886316095573914,0.3405919390565347,0.5836025523046783,0.3760239407283144,0.4473422036526644
rbc_08826.tif,4231.929807217004,33.36318056634418,0.6115200384679805,0.369103554305907,0.6075389323375968,0.3695141726452215,0.4288775286707749
rbc_10714.tif,4080.857566556034,31.63406539086223,0.6386821820033471,0.4025148393722374,0.6344405719783669,0.3569818318158583,0.4068096713426662
rbc_00922.tif,3537.3555539863,27.73914271590989,0.6754767722470971,0.4495066697469101,0.6704525857560026,0.4071991476101363,0.3779854109573785
rbc_05682.tif,3842.497563731375,30.54106348421722,0.6408401357037071,0.4053875204484731,0.6367004950904884,0.3832921876169508,0.4054890682899932
rbc_09709.tif,4300.829037497351,33.39891250617895,0.6177872554954049,0.3767786647925762,0.6138229914173761,0.3569383300052541,0.4236133717262267
rbc_07136.tif,2954.467763576018,23.05246804604194,0.7332320535914105,0.5335876666970474,0.730470852736129,0.4128443661033098,0.3250253026160567
rbc_09669.tif,3150.538380057905,24.63992655885884,0.7157602583472593,0.5058985157927471,0.7112654327272957,0.4136517710560995,0.341483884749297
rbc_09655.tif,4767.897041169408,37.61570510557164,0.5600316045423344,0.3077193359222252,0.5547245586074455,0.3492369140471782,0.4698216343936727
rbc_01792.tif,3720.230209730951,29.18353223642398,0.6661672519402377,0.4387770535838669,0.662402486094268,0.368008056174739,0.3844684894807909
rbc_10847.tif,3670.014829461196,28.50095332250547,0.6712435188506187,0.4441267420288457,0.6664283472578622,0.3941414049161626,0.3800552353291681
rbc_01745.tif,4754.508862368477,36.66873808346868,0.5795151867861859,0.3293952896876731,0.5739296905437749,0.3415907915623027,0.4551967329384183
rbc_02271.tif,3989.404703057693,30.97789704116941,0.6430625063739104,0.4082698657251106,0.638959987577556,0.363590128222606,0.4037025906710273
rbc_03621.tif,3592.890191370666,28.53018854600664,0.6644863691023138,0.436068514313845,0.6603548396989645,0.3944907975674601,0.3862064414050929
rbc_03812.tif,4004.279782501236,31.74027257962008,0.6256514695926884,0.3861986172404217,0.6214488050036154,0.3771929449550915,0.4177540971446971
rbc_11580.tif,4646.919991526021,35.94760257043994,0.5859416060285162,0.3378777249361215,0.5812725048857218,0.3569852481333101,0.4491219049341812
rbc_07889.tif,4919.671350893299,38.40322011157404,0.5527459645188233,0.2981600454518612,0.5460403331731651,0.3631257710347676,0.4766749049461822
rbc_04204.tif,3617.743944636678,28.0618600381329,0.6797727391855258,0.4556812859605927,0.6750416920165693,0.373114669731722,0.3738037638546166
rbc_00076.tif,4449.775015888708,34.44149424475673,0.6027799234224107,0.3571055243067827,0.5975830689592726,0.3622714239621932,0.4366196559043857
rbc_11190.tif,4060.839488736671,32.16778476096321,0.6184678903615982,0.3732370893999521,0.6109313295289023,0.3899390940415957,0.4249874150979556
rbc_00089.tif,3906.246592754749,30.29348209872184,0.6525509425309817,0.4208169898597852,0.6487040849723279,0.3686207553484466,0.3957150121028455
rbc_04990.tif,4971.788433020267,38.87366711390438,0.5498580181584165,0.2946228782909996,0.5427917448626126,0.3349658966540564,0.4784082363958935
