contrast,dissimiliarity,homogeneity,ASM,energy,correlation,entropy
236.9487394957983,3.427310924369747,0.7163195274765156,0.4244046344027808,0.6514634559227255,0.9586781982466188,0.3100800969563196
282.4011204481793,3.876330532212885,0.6664984364878069,0.338475704007093,0.5817866481856497,0.9568136093079967,0.3174660932026217
183.0689075630252,3.548179271708683,0.7025801854615396,0.4117390681762902,0.6416689708691625,0.962259616795369,0.3070653528076612
80.09271708683475,2.112464985994397,0.7515975107161295,0.4675537077576129,0.6837789904330294,0.9599646407668168,0.2269480500992774
169.1750700280112,3.44985994397759,0.6788052755197485,0.3635881117152743,0.6029826794488166,0.9601568633536531,0.3045840326880446
278.7331932773109,4.478431372549019,0.6368076344357012,0.322888116030726,0.5682324489420909,0.9524129992165536,0.3679251362418142
113.7873949579832,2.361764705882353,0.7664123459308799,0.497915989925382,0.7056316248053102,0.9728766802787092,0.2264482135512149
253.9952380952381,3.570588235294117,0.725637343968319,0.4555025931941404,0.6749093222012424,0.9572480534369067,0.3017460546346397
215.658543417367,3.428711484593837,0.6968952820932871,0.384018313207636,0.6196921116228897,0.9518647590483386,0.3116762413367418
191.6357142857142,2.75406162464986,0.7978299191384275,0.5811701052970207,0.7623451352878305,0.9626210055244735,0.2723481995640492
85.49173669467787,2.229831932773109,0.7624511095130787,0.4990472659652096,0.7064327752625933,0.972070005320612,0.2520408772709756
94.8093837535014,2.690896358543417,0.6575720320849281,0.2964995606085571,0.544517732134186,0.9644268411988937,0.2690497795443081
204.3467787114845,2.953501400560224,0.7087630808044806,0.3771504680303495,0.6141257754160376,0.96245472237868,0.2519877970096395
172.7424369747899,3.006022408963585,0.7188134165264859,0.4215939807295467,0.6493026880658563,0.9619835519328608,0.2911616540558751
211.8089635854342,3.745378151260504,0.6411921292340811,0.3084445739079946,0.5553778658787139,0.9530152048529411,0.3335526624935887
154.6326330532212,3.434593837535013,0.6611844220992735,0.3409621691813982,0.5839196598688883,0.958298842775758,0.339813346181515
204.2299719887955,3.955462184873949,0.6840386602513773,0.3947349135732725,0.6282793276666617,0.9646617459676028,0.3479380995157655
134.4138655462185,2.894957983193277,0.6965366171854122,0.3770567933055575,0.6140495039535148,0.9589721160729802,0.2828268160646125
202.6040616246498,2.852100840336134,0.726052999895181,0.4080603123602382,0.6387959864935269,0.9621912297624844,0.2152312695768011
163.4429971988795,2.754761904761905,0.7293881501808489,0.4174809629734247,0.6461276677046299,0.9604289942702521,0.2490535720492987
309.696918767507,4.326610644257702,0.6525370779818039,0.3323445456614018,0.5764933179676949,0.9436032820322855,0.3646754018143037
251.2413165266106,3.573389355742297,0.69576114839158,0.3861463801206756,0.6214067750843048,0.9489685812223754,0.2971156675820742
177.306862745098,3.147899159663865,0.7113012102807434,0.4068987006567333,0.6378861188776044,0.9672594211913577,0.3039288338725238
201.2936974789916,3.635994397759104,0.6590847440069043,0.3177157921992326,0.5636628355668242,0.9492146073916399,0.3245312719755759
40.11652661064426,1.987254901960784,0.7365863525154214,0.4414699507253882,0.6644320512478219,0.9759365911961292,0.2728189415576324
301.471568627451,3.73655462184874,0.6803476285808239,0.3524998234587953,0.5937169556773625,0.9568507881912961,0.288269331890518
234.8373949579832,3.651260504201681,0.6553126396441483,0.3111990776702838,0.5578522005605819,0.9633987878005411,0.319029707827154
103.1035014005602,2.182633053221288,0.7664107126997318,0.4882439740602122,0.6987445699683199,0.9730262344486814,0.2433649607114956
116.9180672268907,2.867366946778711,0.6871770270134935,0.3580396374235969,0.5983641344729786,0.9643880193847212,0.2663972052285162
175.7218487394958,3.2593837535014,0.7000060583137548,0.4017473361893777,0.6338354172727947,0.96488547581884,0.2915461594746938
198.6009803921568,3.146078431372549,0.7035931334029276,0.3971402972953887,0.630190683281964,0.9694805906710198,0.2957502930048318
72.80434173669468,2.071848739495798,0.75687492063236,0.4776276196753211,0.6911060842412843,0.9775609421180497,0.2517811921753333
262.8966386554622,3.49579831932773,0.6846765885991415,0.3580740335349826,0.5983928755717122,0.9641759005586976,0.2730422220506701
241.7446778711484,2.658123249299719,0.7858669067111266,0.5195797927013943,0.7208188348686474,0.9622306808489882,0.2130587544656955
315.5572829131653,3.693557422969188,0.6838892740646312,0.3517354196580593,0.5930728620144908,0.951940117771422,0.2906011659523859
86.82282913165267,2.162885154061624,0.744868363669722,0.4381072625128482,0.6618967158951978,0.964442264841981,0.231421892257318
199.9518207282913,3.364985994397759,0.6540924322055026,0.3084873164952256,0.5554163451819055,0.961892214439581,0.3175104603572222
177.7574229691876,2.531372549019608,0.7792129887956724,0.514147678679315,0.7170409184135275,0.9669320620390927,0.2107727854578955
159.5761904761904,2.980532212885154,0.705697724883064,0.3927197447606494,0.6266735551789698,0.9542405964307402,0.2679233406217032
113.0127450980392,3.062605042016807,0.6564904630120492,0.3271657388445574,0.5719840372288001,0.9647369568379376,0.3057482663045805
224.8238095238094,3.446078431372548,0.7075503388809443,0.4098178192845766,0.6401701486984351,0.9564016838565261,0.2779337771017608
143.6165266106443,2.588935574229691,0.7217621983653797,0.4031436005774859,0.6349359027315166,0.9645080019086315,0.2489271247692926
63.8858543417367,1.901120448179272,0.7616433859264249,0.4678799853274643,0.6840175329094016,0.9738798898126088,0.2055346017117071
163.3287114845938,3.476330532212884,0.633498707251922,0.2948222033911603,0.5429753248455774,0.961777711732369,0.351817032340258
251.2413165266106,3.573389355742297,0.69576114839158,0.3861463801206756,0.6214067750843048,0.9489685812223754,0.2971156675820742
182.6635854341737,3.333193277310924,0.6845682277186916,0.3605679526712646,0.6004731073672364,0.9645406151887412,0.2932019570818469
153.1754901960784,2.974369747899159,0.7383788247390972,0.4626875259907884,0.6802113833146196,0.9575034233165475,0.2501756467710353
114.3173669467787,3.07422969187675,0.6216179597104432,0.2495634528321133,0.4995632620921131,0.9557516290368133,0.2913816219983861
232.783893557423,3.35812324929972,0.6814312840326541,0.3389926460780391,0.5822307498561365,0.961964844031204,0.2553186836153895
163.0928571428571,3.3687675070028,0.7111121105962558,0.4329165391646855,0.6579639345470886,0.9682550087986108,0.3233805107044453
186.282212885154,3.698319327731093,0.667764863761034,0.350192586838657,0.5917707215118513,0.9542250523084805,0.3232499166584957
277.3399159663865,3.315546218487394,0.7312607620129596,0.425110681527513,0.6520051238506588,0.951707237299494,0.2481565163588869
172.3001400560224,3.529131652661064,0.6888620766561205,0.3960751261288829,0.6293449976991021,0.9591876082784584,0.3195437786564257
186.5317927170868,3.080952380952381,0.719398812653439,0.4165350355828606,0.6453952553148037,0.9703055401937322,0.2891721258584516
241.8609243697479,4.351260504201679,0.6266599412641398,0.2884905530839786,0.5371131659938887,0.9475231844169935,0.3563995121505585
126.7826330532213,2.702240896358543,0.7010694622800241,0.3802453628510229,0.61664038373352,0.9629680507550276,0.2678410357802868
260.8029411764705,4.036554621848739,0.6365417619871429,0.3051898406421393,0.5524398977645797,0.9511108770069845,0.3271436423079821
279.8324929971989,4.001820728291316,0.6296580451726298,0.2805279955119303,0.5296489361000646,0.9572053820058326,0.3376829227639913
230.6621848739495,3.637675070028011,0.6192911486405343,0.2528793772410925,0.5028711338316134,0.9566305450255636,0.3182648236156938
172.466106442577,3.288095238095238,0.721635663681671,0.4446083237216455,0.6667895647966047,0.9637941892405778,0.3063631410334456
166.7774509803921,2.820588235294117,0.7732234009340081,0.5268900991769256,0.725871957838933,0.9615722322573312,0.2800623038899812
328.2084033613446,4.359663865546217,0.6567951264419203,0.3334851489615453,0.5774817304136515,0.9492447115959545,0.3556565328772536
168.2420168067227,2.477450980392157,0.7841653584261208,0.5379456096163955,0.7334477552057784,0.9570548678243429,0.2370654760567155
104.0522408963586,2.773109243697478,0.7312681367185214,0.4493434628753462,0.6703308607511265,0.9597914634288893,0.2550336134871243
242.9239495798319,4.121708683473389,0.637974339048595,0.3187726855448063,0.5645995798305258,0.960053594480429,0.3503272226696417
128.9505602240896,2.88641456582633,0.7143543894210888,0.4206837244701802,0.6486013602130204,0.970977010757345,0.2921835381045023
139.7049019607843,2.402941176470588,0.7806698589650795,0.526406798013323,0.7255389707061386,0.9665491468747784,0.2428801749299725
303.2089635854342,4.440056022408963,0.6446540418204633,0.3146847954868222,0.5609677312348922,0.949851060624736,0.3616573846904743
225.0572829131652,3.705602240896358,0.6616914065795184,0.3353687455374307,0.579110305155616,0.9580330237997214,0.3280109711123528
133.7259103641456,2.822408963585434,0.7300530917782032,0.4451063170366185,0.6671628864352531,0.96267022974014,0.2695675577840484
269.3658263305322,3.843837535014005,0.6544854396405806,0.3195324306193065,0.5652719970238279,0.9613475151168049,0.3135630161615515
165.835294117647,3.172128851540616,0.7146851743581975,0.4246009580302709,0.6516141174270789,0.9634026132119351,0.2933993157370906
213.7658263305322,3.297058823529412,0.7235964802795982,0.4348749892113707,0.6594505206695729,0.9412421475604411,0.2968431870013667
171.8355742296919,3.127591036414565,0.6876523563548484,0.3654659608941616,0.6045378076631449,0.9565779731543276,0.2946138391646302
190.847619047619,3.257002801120448,0.6935509159735478,0.3727615948340121,0.6105420500129471,0.9582463919131646,0.2946685238836302
127.9201680672269,2.678851540616246,0.7499830066642866,0.4718316149989407,0.6869000036387689,0.9604407815917767,0.2619785112057195
280.1134453781513,4.278291316526611,0.6010419716087745,0.2480853812113081,0.4980817013415651,0.9535503554069783,0.3611387014223724
116.4824929971989,2.292436974789916,0.7285747954797982,0.4038552577893902,0.6354960722061075,0.9713888378052609,0.200702345635648
310.7347338935574,4.192016806722688,0.6654852022347915,0.3406436888480883,0.5836468871227605,0.9530323189217441,0.3453412165281837
114.9357142857143,2.287535014005602,0.7748070305086214,0.5084291657839608,0.7130421907460741,0.9639785778758042,0.2196469303783765
174.8603641456583,3.196778711484594,0.7026590644180234,0.4020071656113425,0.6340403501444861,0.9582416731370923,0.3026411941680086
96.86428571428571,2.688235294117646,0.6788733128330514,0.3577789154877637,0.5981462325282704,0.965458075233093,0.3057346192671649
139.6079831932773,2.63781512605042,0.7294850619270191,0.4302174987642116,0.6559096727173731,0.9719059383184683,0.2599455124442375
268.7305322128851,3.03921568627451,0.7705647568120468,0.517406727396841,0.7193098966348517,0.9601204106137824,0.2413183539886434
258.1312324929972,3.83641456582633,0.6799711124726088,0.3634095206710135,0.6028345715625585,0.9539100829510817,0.3261569976288671
249.8736694677871,3.865126050420167,0.7049254981778178,0.4243889614669398,0.6514514267901635,0.961742450377678,0.3288411939679864
180.7633053221288,3.269327731092437,0.6816248880636693,0.3461144850096902,0.5883149539232282,0.9535504109350469,0.2928015787967594
213.5728291316527,3.570028011204482,0.6611570238473841,0.3238028446672787,0.5690367691698655,0.9569337862332938,0.2952239428517563
206.7560224089636,3.064425770308123,0.737960305872621,0.4569409626595737,0.6759740843106145,0.9634644755106602,0.2857538247969194
218.3413165266106,3.469887955182073,0.6682884193259745,0.3220758107164433,0.5675172338497249,0.9630810433083108,0.2472575441160713
87.39579831932774,2.720868347338935,0.6460330278046224,0.2847386405542609,0.5336090709070274,0.9593381672395954,0.2749527038312667
154.2922969187675,3.075910364145658,0.6641037418446099,0.3181720727506689,0.564067436350184,0.9488212753033299,0.2859179836882643
125.8613445378151,2.550700280112044,0.7167962653601748,0.399520651397814,0.6320764600883456,0.9609858554625457,0.2438569064337598
141.382212885154,2.66078431372549,0.7270604251556139,0.4187506767412849,0.6471094781729633,0.9592298281325435,0.2516899861383373
203.9156862745098,3.25546218487395,0.7174012011670501,0.420704183634238,0.6486171317767039,0.9576408388304993,0.2820435632007907
188.4878151260504,3.348459383753501,0.6681057993297188,0.3422287346311074,0.5850031919836911,0.9655488384809815,0.3141729113464609
268.1501400560225,3.77843137254902,0.7055873252243975,0.4095028501596716,0.639924097186277,0.9402576841041738,0.3104519640715593
210.13081232493,2.78921568627451,0.7655814660067951,0.4894332340779448,0.6995950500667831,0.9675728527849,0.2282397741922822
290.4796918767507,3.689355742296918,0.6988537526680516,0.3835021949956454,0.6192755404467751,0.9511592025223393,0.3085382336466538
102.6957983193277,3.126610644257703,0.6919743147254979,0.4007445723387394,0.6330438944802638,0.9702352234478826,0.330213275752151
155.4998599439776,3.19173669467787,0.6628444140059621,0.3149527359963594,0.5612065003154894,0.9591779089216432,0.2781956578411543
180.0121848739496,3.642717086834733,0.6421968018908554,0.3024162802375853,0.5499238858583843,0.9590112027193233,0.3346414038338794
232.3745098039215,4.045098039215686,0.6321290366032432,0.3022564123688691,0.5497785121018001,0.9579743404398015,0.3485161240835147
141.758543417367,2.951540616246498,0.6679927504082961,0.312187139561707,0.5587370934184583,0.96210013578283,0.2785416523067512
139.1745098039216,2.906162464985994,0.7306635089781894,0.4567520831862157,0.6758343607617296,0.960283252536708,0.2773310279864606
278.6119047619047,3.120028011204482,0.7661163131192459,0.4929880579682853,0.702131083180545,0.9541418553157286,0.2227264860443542
156.0635854341737,3.261204481792716,0.6381590049938476,0.2796950152610064,0.5288620002051635,0.9593995546433235,0.3115084375315749
268.6466386554621,3.74985994397759,0.6621756500615581,0.3308769292030537,0.5752190271566594,0.960384759192831,0.321634482204696
176.45756302521,3.310504201680672,0.6358045380279578,0.2690495511930263,0.518699866197232,0.9495336736091956,0.2834391074630587
192.1326330532213,3.36204481792717,0.6646536195605369,0.3349443600969801,0.578743777588131,0.9659337110010255,0.2851259287392906
270.2991596638656,3.106302521008403,0.7575965665308182,0.4816811822768322,0.6940325513092539,0.9678803096726266,0.2711995142322911
105.1442577030812,2.302240896358543,0.7422260485107764,0.4368111067956594,0.6609168682940839,0.9641852236959927,0.2310857793402275
83.6375350140056,2.356862745098039,0.7315586048411488,0.4419492600961953,0.664792644435989,0.9722159807959829,0.2564131439193315
166.3441176470588,3.330112044817926,0.6885043397745876,0.3763439003052202,0.6134687443588469,0.9532870645406519,0.3064021044587315
142.9953781512605,3.252801120448179,0.6627155878828035,0.3341703740319656,0.578074713191959,0.9607519769389069,0.3120395657402047
185.6673669467788,3.300420168067227,0.7142646680480463,0.4221473491357327,0.6497286734751151,0.9584346153180847,0.2918381876535149
157.770868347339,2.529271708683473,0.7716734990033307,0.5171982126183808,0.7191649411771829,0.953780798813382,0.2479495081053437
167.1616246498599,3.08501400560224,0.6571928421053832,0.2977068964840837,0.545625234464173,0.9623019573916194,0.2608440675464596
236.4568627450981,3.325630252100841,0.720429802582302,0.4191760429662061,0.6474380611040766,0.9622736694827488,0.2716080799975091
97.35994397759103,2.41484593837535,0.7314744916477213,0.4342450411537163,0.658972716547291,0.9692587342007587,0.2733594016496039
201.2707282913165,3.702801120448179,0.639622403065295,0.3114896546854036,0.5581125824467709,0.9506377788320328,0.3253749025499673
242.8312324929972,4.033613445378151,0.6774498313211698,0.3817466986794719,0.6178565356775567,0.95791213483676,0.3434115478775294
184.3450980392157,3.773529411764705,0.6849455459844225,0.404995086269802,0.636392242465134,0.961226785905654,0.3520302211687233
110.2121848739496,2.608963585434173,0.7090085188068669,0.3963023935064222,0.6295255304643508,0.9702795656874763,0.2648546362188911
186.5831932773109,3.521008403361344,0.6371087606942532,0.282162276675376,0.5311894922486475,0.9538954693640129,0.2955980731438214
143.4306722689076,2.489215686274509,0.7389548888880142,0.4456662370830685,0.6675823822443703,0.9576384940242363,0.2563702615602725
245.175350140056,4.287535014005602,0.6256666379344371,0.2976921945248688,0.5456117617178619,0.955703097431097,0.3251305964550255
223.6,3.371288515406162,0.6930436408188869,0.3801560231935912,0.6165679388304188,0.9594466655556605,0.2980355952761611
262.3400560224089,3.615966386554621,0.6803742960152102,0.354854431968866,0.5956965938872456,0.9548442585283787,0.2946195792042544
128.391456582633,2.622549019607843,0.7075671657398918,0.3847958987516575,0.6203191910231841,0.9631014871299939,0.2541018243835346
135.849299719888,3.580392156862744,0.6610648132779604,0.3462074045304397,0.5883939195219812,0.9615535348335043,0.3461964236077035
164.7477591036414,2.771008403361344,0.7324300368555531,0.4359275180660498,0.6602480731255865,0.9527685938715035,0.2584863665056362
170.7096638655462,3.55266106442577,0.6234209193060912,0.2625240488352203,0.5123710070205186,0.9459842665742162,0.2982089496405545
100.6679271708683,2.962885154061625,0.6783055285052141,0.366970955048686,0.6057812765748757,0.9763376190072208,0.2915180527073603
150.0197478991596,2.59453781512605,0.7533045678430651,0.458924510980863,0.6774396733148,0.9600926044237467,0.2251174257738164
207.2379551820728,3.570868347338935,0.6591750346924191,0.3195283309402192,0.5652683707233399,0.9550988123247591,0.3125592942691101
211.6837535014005,3.576610644257702,0.6199150165883971,0.2516255227581229,0.5016228889894508,0.9543867086267366,0.3145022607243429
140.7145658263305,2.802941176470588,0.7567844615599598,0.4956754956884715,0.7040422541925104,0.961145745340386,0.2682180456485128
185.7796918767507,3.258263305322129,0.6318434439845095,0.2574075120244176,0.5073534389598809,0.9623249678159268,0.2921049408695483
296.9631652661064,3.690616246498599,0.7275320489632391,0.4447137580522405,0.6668686212832633,0.9498988152805843,0.2854027424854517
117.4072829131653,2.529971988795518,0.7302593747283408,0.433326693422467,0.6582755452107172,0.9653850811229554,0.2659370788040557
152.0383753501401,3.023389355742296,0.7094418508418667,0.4085401219311253,0.639171433913567,0.9647409218121058,0.2762549782854223
258.9549019607842,4.125210084033613,0.6697263003642708,0.3532098721841678,0.5943146239023298,0.941647979264194,0.3154763103895226
151.659243697479,2.976190476190475,0.665570661468646,0.3134668082919442,0.5598810662024071,0.9560817915992249,0.2644248154371194
91.24607843137255,2.779831932773109,0.7371126081808735,0.474989672339524,0.68919494509139,0.9694900830224451,0.2913095870215482
192.9589635854342,3.444817927170868,0.6871911656133789,0.3913379763670173,0.6255701210631925,0.9674311037322122,0.3045685704031196
87.79187675070028,2.059943977591036,0.7794047596170776,0.5185152198134153,0.7200800093138368,0.9735344542302511,0.240581039152999
299.8396358543417,4.716246498599439,0.6273224637221406,0.2920976135552259,0.5404605568912739,0.9351572834332033,0.3359784721473422
214.8498599439776,3.363585434173668,0.6989258200735109,0.3871170821269684,0.622187336842344,0.9577510808328312,0.2566594914616075
170.3894957983193,3.584313725490196,0.6229618115174583,0.2699202720303809,0.5195385183317796,0.9560488360906723,0.3200634609514655
200.8794117647058,3.597619047619046,0.6744266293220155,0.350492481306248,0.5920240546685988,0.9505179858599784,0.2893410275194152
106.4235294117647,2.528011204481792,0.7368588732167369,0.4574072766361447,0.6763189163672304,0.9664924823266116,0.2912711755724201
178.9668067226891,3.736274509803921,0.6221677853372529,0.2751339653508463,0.524532139483222,0.9436082368477232,0.3096802369916856
218.2943977591037,3.405462184873949,0.7086665064993116,0.4166786028136745,0.6455064700014048,0.9567031338423201,0.3233138416240957
251.3942577030812,3.551960784313725,0.6827669606372041,0.3572876209307252,0.5977354104708246,0.9599182337617851,0.294742721416985
194.4631652661064,3.332212885154061,0.6622518889338516,0.3321269390108985,0.5763045540431713,0.9630281074975714,0.324857289732057
276.297619047619,4.063305322128851,0.7111284762566135,0.438094237695078,0.6618868768113461,0.9517884999126821,0.3160662371038405
83.26876750700279,2.857282913165266,0.6701203850339482,0.3495375699299327,0.591217024391156,0.9689958633720481,0.3137610541070382
205.8487394957983,3.146918767507003,0.7207189661846499,0.4250602888214109,0.651966478295787,0.958132694620305,0.2869234424756313
109.6844537815126,2.615826330532213,0.7216768289820276,0.4064448916821631,0.6375303064813178,0.9500119157642093,0.2574594661708943
215.5663865546218,2.981512605042016,0.7158712646759157,0.3921742128223838,0.6262381438577371,0.9653103217107756,0.255146460737855
152.8072829131653,3.276050420168066,0.660631448647038,0.3164576124567474,0.5625456536644359,0.9636288611961077,0.2585905930293189
103.1457983193277,2.431372549019607,0.7352211391974076,0.4364152719911493,0.6606173415761574,0.9672049136218277,0.2334940337307642
162.553081232493,2.985294117647058,0.6831240803911077,0.3438408206419823,0.5863794169665084,0.9672602548687638,0.2787700813154861
285.9698879551821,4.484593837535013,0.5792871813603403,0.2241180001412329,0.4734110266367197,0.9464898540696237,0.3663232324510706
172.4733893557423,3.424509803921568,0.6698511439006721,0.3449074041381258,0.5872881781017951,0.9573600956431055,0.3321710451180206
163.1974789915966,3.2390756302521,0.7003320423566344,0.4025221068819684,0.634446299446981,0.9724103303946919,0.3245315762724784
178.0281512605042,3.356302521008403,0.6835673544657507,0.3759865514833386,0.6131774225159783,0.9538245448714293,0.320174431427297
220.3880952380952,3.97016806722689,0.642742384159564,0.3084604822321085,0.5553921877665444,0.9425896523610048,0.3387658831650622
189.1372549019607,3.475210084033613,0.6923361434661804,0.3939497073339139,0.6276541303408382,0.9707901798542171,0.3342285628246232
183.2065826330532,2.626050420168067,0.7799958923630839,0.5336446539400074,0.7305098588930935,0.9718926330125205,0.2393249527951014
135.053781512605,3.250560224089636,0.6638537548014941,0.3226485692316142,0.5680216274329827,0.9520363192694355,0.2762702382177271
174.0662464985994,3.606162464985994,0.647716431624321,0.324034250955284,0.569240064432647,0.9610035639455591,0.32997542468298
97.60728291316525,2.101540616246499,0.7790539048751133,0.5179090067399508,0.7196589516847204,0.974013197440374,0.2392175470153206
210.7264705882353,3.37843137254902,0.6768797434235871,0.3426150067870286,0.5853332442182219,0.9473316051411977,0.2716710004596087
201.9577030812325,3.566106442577031,0.6111796307106835,0.2369215627427441,0.4867458913465466,0.937197241865164,0.2724815161453251
268.5579831932773,2.932913165266106,0.7825815600237902,0.512467820461518,0.7158685776464266,0.9534190186107742,0.2099064416220219
123.7137254901961,2.737675070028011,0.749334820134401,0.488110244097639,0.6986488703902977,0.9640854862649042,0.2694284634846243
167.0875350140056,3.65532212885154,0.7050916068828575,0.4325405750535508,0.6576781698167812,0.9607808651498152,0.3357932114079346
215.5997198879552,3.68095238095238,0.7124039243325127,0.4444142755141272,0.6666440395849401,0.9580719453999063,0.3165147640294659
258.5357142857143,4.102380952380952,0.6309223856872123,0.2945199550408398,0.5426969274289655,0.9551913722001723,0.3152752056113285
72.86820728291316,2.246638655462185,0.7169483864873635,0.3969853823882493,0.6300677601561988,0.9680075167130897,0.2380827131043033
193.9165266106442,3.525210084033613,0.6636230845335359,0.3273063048748911,0.5721068998665294,0.9545584956781494,0.2980475894045453
222.2359943977592,3.807282913165265,0.6861286922357949,0.3970164536402795,0.6300924167455751,0.9610578119382199,0.3520221360236244
263.1792717086835,4.015406162464985,0.6435189233347441,0.3029895585685254,0.5504448733238647,0.9561340643463786,0.341048074860209
127.8914565826331,2.600560224089635,0.6761058117994553,0.3053021600797182,0.5525415460213994,0.9645331883029792,0.2480084266205807
249.0179271708682,3.574509803921568,0.668556508912079,0.3344968379508667,0.5783570159951954,0.9561404501470756,0.2985920039289736
80.11022408963585,2.422549019607843,0.7253806388393567,0.4270187780994751,0.6534667383268066,0.9683089163671371,0.2447049719352009
165.4467787114846,3.194117647058824,0.701397594015293,0.3944016920493688,0.6280140858685964,0.9673622946563544,0.3147976437960008
301.856862745098,3.695378151260504,0.7256712271330672,0.4435070793023091,0.6659632717367445,0.9557144397700016,0.2979220949996115
177.8162464985994,3.682492997198879,0.6852191255779503,0.392969825184976,0.6268730534844962,0.9706132762485539,0.3502207941980964
284.9682072829132,4.437955182072828,0.611607419238934,0.2692751806604995,0.5189173158225687,0.9525956009830537,0.3609973064848992
126.7340336134454,3.421428571428571,0.6777146671049317,0.3887683700931353,0.6235129269655404,0.973953475108973,0.3610101199446499
243.8008403361345,4.083893557422968,0.6329422050528776,0.299327064158997,0.5471079090627341,0.9558602172745347,0.3488395949479847
180.7196078431373,3.499299719887955,0.6464856889078128,0.309417159020471,0.5562527833822236,0.9588485413238976,0.3122743955405819
190.3528011204482,3.148739495798319,0.7415432860894714,0.4748022934664062,0.6890589912818831,0.9622447325089488,0.2769828883246046
303.7142857142858,4.290756302521008,0.6382353938031149,0.3085153767389309,0.5554416051565916,0.9503297440620342,0.3333551473772883
234.277731092437,3.075910364145658,0.7195991773792435,0.3883941321626689,0.6232127503210031,0.9508457219667882,0.2453772051214069
266.034593837535,4.161204481792717,0.6377083074741047,0.3023239982267417,0.5498399751079779,0.9464683231084055,0.3267188183733244
240.8830532212885,3.987394957983192,0.6906087515083625,0.4024165156258581,0.6343630787063967,0.9678557024215318,0.3508269551752659
247.544537815126,4.031932773109244,0.6866085077634554,0.3972795883059106,0.6303011885645707,0.9604478231543249,0.3587210585775726
236.4133053221288,3.710364145658263,0.7329338171728991,0.4773939673908779,0.6909370212912881,0.9591888902280047,0.3053440990887606
187.9435574229691,3.061624649859944,0.7089636490986452,0.3896571765961286,0.6242252611006132,0.9550780894358286,0.2723370313688817
124.3477591036415,2.850280112044818,0.7072659936053907,0.4034466041318487,0.635174467474763,0.9587241801431232,0.2906731048918552
181.8866946778711,3.30546218487395,0.6839822860787648,0.3619772614928324,0.6016454616240635,0.9546466074268541,0.308126943208842
116.3282913165266,3.040896358543417,0.6742662691411517,0.3530088113676843,0.5941454463072862,0.9613207042087534,0.3290862047288702
164.4477591036415,2.966246498599439,0.7106188352140285,0.4019437873188491,0.6339903684748287,0.9677893997268725,0.2962492200858921
191.2585434173669,2.647478991596639,0.7530467581623409,0.4540164104857629,0.6738073986576304,0.9605729734049898,0.2149506340583057
237.4483193277311,3.270728291316526,0.7063898336872361,0.4044384322356392,0.635954740713236,0.9639576880666778,0.2763913010835036
75.05490196078432,2.520728291316526,0.6471206530523138,0.2811909469670222,0.5302744072336719,0.9614143197746126,0.2578394829026713
204.3641456582633,3.783613445378151,0.6671217653896373,0.3505160887884566,0.5920439922746084,0.954666794384813,0.3280949377694146
260.1201680672269,3.545238095238095,0.7135943424266104,0.4261575904871753,0.6528074681613065,0.9586986763606659,0.2908355305861443
171.5319327731092,2.416946778711484,0.7693463460479067,0.4805705223265777,0.6932319397767083,0.9693561716463805,0.2182128200581921
307.1759103641456,4.044817927170867,0.6528669027479562,0.3205955715619581,0.5662115961033986,0.956547181732758,0.315669379758809
131.9305322128852,3.146778711484594,0.6628713427146654,0.3150922035480859,0.5613307434553054,0.9519705822988946,0.2912227952835158
49.2343137254902,1.955182072829132,0.7444204028285507,0.4510117380285447,0.6715740748633353,0.9698352863480731,0.2596101126862497
75.35182072829132,1.847058823529411,0.7981356999999824,0.5553402831720924,0.7452115694030068,0.9704154505128468,0.2356160651189247
271.2142857142857,4.145658263305322,0.6157580810692674,0.2674254898037647,0.5171319848972453,0.9564071808287868,0.3476651248145808
188.6494397759103,2.46624649859944,0.7735226151100978,0.4951643500537471,0.7036791527775618,0.9697959169794125,0.2164434634155373
190.8128851540616,2.843557422969187,0.736021860970516,0.4340869288892028,0.6588527368761572,0.9559095723207955,0.2575745486665603
118.6011204481793,3.280252100840335,0.6413258608886563,0.3072339720201807,0.5542869040670009,0.9648659179387247,0.3146910063228217
116.3841736694678,2.293697478991596,0.7635191913378343,0.4829342129008465,0.6949346824708396,0.9767864934227041,0.2076994070919348
135.8780112044818,3.108263305322128,0.6816176777463069,0.3655191978752285,0.6045818372025648,0.9651804059654193,0.3098796915321332
148.9704481792717,2.895798319327731,0.7255773548834774,0.4151472451725789,0.6443192106189127,0.955070662737578,0.2511419675891907
90.09047619047618,2.207282913165266,0.7531754543185042,0.4684359724281869,0.6844238251465147,0.9803527776639398,0.2163919156693004
257.2858543417367,4.274649859943977,0.6060342108756502,0.2651305522208884,0.5149082949622081,0.9556098929620175,0.3727141829849019
100.6514005602241,3.21750700280112,0.6264810024015761,0.282278509442993,0.5312988889909266,0.9674314320534929,0.3496269307756021
200.9163865546218,3.117647058823529,0.7300767300587845,0.4428501890952459,0.6654699009686658,0.9603974279030678,0.2879603520202625
144.3462184873949,3.285574229691876,0.6439257209029062,0.2909775184583637,0.5394233202767227,0.95520951729063,0.2827754418103447
252.7819327731092,3.398319327731092,0.7086235405308865,0.4071722120220637,0.6381004717300119,0.9634597329722264,0.2974698653397597
172.6466386554622,3.150280112044817,0.6633619455900936,0.314903255419815,0.5611624144753593,0.95826301855495,0.2898290532066853
181.0672268907563,3.39173669467787,0.7024521582625043,0.4061074135536566,0.6372655753715688,0.9662685139834213,0.3007107495177327
122.8352941176471,2.479411764705882,0.7277892412223856,0.4186689479713455,0.6470463259855089,0.9704399737448625,0.2416280652884658
171.7670868347339,3.174649859943977,0.662673486670626,0.3094951608094218,0.5563228925807582,0.9610321929104397,0.2639999255443028
104.978431372549,2.456862745098039,0.7450496040308803,0.460934236439674,0.6789213772151191,0.9724104721587618,0.254958484141599
161.0851540616246,3.280812324929971,0.6256151175832508,0.2487581895503299,0.4987566436152304,0.9542783855431275,0.3007230369131508
127.4851540616246,2.620308123249299,0.7166737542279694,0.4014857805867444,0.6336290559836603,0.9561561908402243,0.25281789902227
201.5659663865546,3.484173669467786,0.6821724397339098,0.3678160185642885,0.6064783743583018,0.9617841128096615,0.3074221517540229
190.0273109243697,3.28641456582633,0.7208882360030959,0.4321351972161413,0.6573699089676537,0.9597917208314802,0.274140282406286
179.3875350140056,3.239355742296918,0.7083228853739727,0.4076424981757408,0.6384688701696746,0.952828487148958,0.2901954810068836
227.7086834733893,3.904481792717086,0.6771406091491238,0.3595602554747389,0.599633434253577,0.9570177884640999,0.3226883222203212
249.156162464986,3.454481792717087,0.7303723508195893,0.4517488760209967,0.6721226644155044,0.9517608111683067,0.2906828844368926
212.7666666666667,4.265126050420168,0.5991473664563298,0.2606728573782454,0.5105613159829536,0.9598115577383635,0.3807168010659486
146.4457983193277,3.143977591036414,0.6876200444159816,0.3767006998877983,0.6137594804871028,0.9627866910749774,0.2905939312151157
236.7404761904762,3.668767507002801,0.6804049258726208,0.3523083939458136,0.5935557210117797,0.9498064351170216,0.2623326678276457
157.9879551820728,3.028991596638655,0.7074105652326478,0.3893995735549122,0.6240188887805498,0.9567437514719119,0.2769167359160453
132.3172268907563,2.83361344537815,0.7252293832816442,0.4374852293858719,0.6614266621371352,0.9575352099019164,0.2683058321728262
260.4991596638656,4.465546218487393,0.6234322816540996,0.3102007665811423,0.5569567008135752,0.9664060386287133,0.37901153152751
124.113025210084,2.965546218487395,0.6919768188092276,0.3820417873031566,0.6180952898244385,0.9623034786128876,0.2876110436568737
255.5392156862745,3.50812324929972,0.6882742953294856,0.3546548717526226,0.5955290687721487,0.9461121969774225,0.28493770139796
221.0687675070028,3.368067226890756,0.6637721609841734,0.3185369638051299,0.5643907899719218,0.9491128382209747,0.290667250791571
239.348319327731,3.775630252100839,0.6891581429428602,0.3795670621189652,0.6160901412285099,0.9499146244701702,0.290053249518133
246.0823529411765,3.588655462184874,0.7209927357361976,0.4419064096226725,0.6647604152043596,0.9575181798412414,0.306790035030542
175.3180672268907,3.281932773109243,0.6840504014998248,0.3515706184434559,0.592933907314682,0.9499349210874984,0.2945299807666508
134.9372549019608,2.729131652661064,0.7260329930986635,0.4304210311575611,0.6560648071323145,0.9619156979232097,0.2531430668037782
133.8163865546218,2.676050420168067,0.7173415441902488,0.4145528015127621,0.6438577494390838,0.9769716689629511,0.2668420520378522
202.0035014005602,2.904341736694677,0.7262869260054902,0.4061420156297813,0.6372927236598432,0.9619754951284603,0.2391501685240893
146.6086834733894,2.948179271708683,0.6992417716997896,0.3847885428681277,0.6203132618831615,0.9528226139604585,0.2588922227746683
227.3208683473389,3.42563025210084,0.7338866289971356,0.4571203187157217,0.676106736185731,0.9508894384476811,0.2919418992942741
187.9026610644257,3.608823529411765,0.6485032999909858,0.324883973197122,0.5699859412276078,0.9538206150490248,0.3395411459006258
126.2862745098039,2.587394957983193,0.7435380541147167,0.461687910458301,0.6794762030110407,0.9693552684036675,0.2610847641047409
305.7672268907563,4.058823529411764,0.6440509714685854,0.3015653320151591,0.5491496444642017,0.9416273092709828,0.3093333055541554
253.3351540616246,3.761344537815125,0.6510906857255699,0.3038656639126239,0.5512401145713398,0.9546962023327547,0.3164387355150475
122.4833333333333,2.513725490196078,0.7364276516869074,0.4410825800908599,0.6641404821954915,0.9685788130420756,0.2878611873043703
242.7830532212885,3.697619047619047,0.7251555496608381,0.4559768024857002,0.6752605441499601,0.9474827849244977,0.3077760015103005
240.9918767507003,4.179971988795518,0.6029272327072409,0.2544874910748613,0.5044675322306296,0.9512794243240116,0.3460574258013387
208.635294117647,3.998319327731092,0.602650053291965,0.2401382611868276,0.4900390404721114,0.9591694623966472,0.3599180065316353
188.5812324929972,3.627450980392156,0.6651594455881356,0.3519033789986583,0.5932144460468393,0.9581345399837524,0.3517384975292497
151.6133053221288,2.888935574229691,0.7111826442498911,0.4002774246953684,0.6326748174974,0.9606551584640314,0.2689416571812146
219.1925770308123,3.673949579831932,0.7170654081335418,0.4421779201876828,0.6649646007026861,0.9572994770531987,0.3206752805067401
114.956162464986,2.49313725490196,0.7168231078014589,0.398202879190892,0.631033183906276,0.9601469213988879,0.2449591019047851
107.8488795518207,1.921988795518207,0.8043913943611326,0.5511007246035668,0.7423615861583672,0.9721608949267563,0.2067646231692684
175.7581232492997,3.040616246498598,0.7118862380867864,0.3992277597313434,0.6318447275488999,0.9556872207236251,0.2773760495013655
88.04299719887956,2.436694677871148,0.7369981195262627,0.4503579274847193,0.6710871236171345,0.9650333621706607,0.2645139632367201
157.8114845938375,3.073669467787114,0.709890276752559,0.4024818849108269,0.6344146001715494,0.9594453918195294,0.2746991655202322
229.1070028011204,3.28641456582633,0.7147677670605319,0.415806145987807,0.6448303234090399,0.9617987740164022,0.2893605658139183
126.3543417366947,3.055602240896359,0.6682823365558587,0.3397033715446964,0.5828407771807806,0.9649570955197436,0.2964475940752621
179.8574229691877,3.232492997198879,0.667235841310473,0.3392853317797707,0.5824820441694067,0.9603871795085548,0.2989052396553699
126.1539215686274,2.792717086834733,0.7472633283592607,0.4734511157404138,0.6880778413380377,0.9603350496925456,0.2863121718590276
230.2109243697479,3.993277310924369,0.6248614847272767,0.2758081075567482,0.5251743591958277,0.9426119095579452,0.3041237584168328
167.8291316526611,3.005042016806722,0.7373492921670345,0.4697891509544995,0.6854116653183687,0.958916567074634,0.2850362806843619
244.833893557423,3.467086834733894,0.6746645264592191,0.3245939650369951,0.5697314850321993,0.9538131334684297,0.264595815109475
286.4035014005602,4.078431372549018,0.7111153894261264,0.4408784984582067,0.6639868209973799,0.9546972434555514,0.3180914496939539
216.8288515406163,3.518487394957983,0.6565007508651121,0.309891927359179,0.55667937572644,0.9617808897318372,0.2680697000698647
230.7168067226891,3.875070028011204,0.6598831051004346,0.3402135462027949,0.583278275099283,0.9549756441367047,0.3516676990098235
102.6039215686274,3.142577030812325,0.6067250477111578,0.2391345361674082,0.4890138404661039,0.9646344782254029,0.2961302362878938
232.5340336134454,3.300560224089636,0.7101886960961644,0.4025585626407425,0.6344750291703706,0.9601304501230931,0.282006246880153
206.5204481792717,3.423389355742297,0.6699283203241884,0.3282407374714592,0.5729229769100374,0.945754821294261,0.2727054232525564
295.446218487395,4.009243697478992,0.6971253057739958,0.4052906652857221,0.6366244303242863,0.9505147145499279,0.3147070920288999
213.733893557423,3.475210084033613,0.6858024545189901,0.3576563272367771,0.5980437502698085,0.9601802930927971,0.2929044440912245
297.3925770308123,4.093557422969187,0.6158595930609374,0.261056040063084,0.5109364344642923,0.9530218059883369,0.3397799236037995
265.2837535014005,3.500560224089635,0.7327571237940032,0.4566718354008271,0.6757749887357678,0.9510894094398785,0.2736988312736154
62.11148459383754,2.240476190476191,0.7284903290276965,0.439779039066607,0.6631583815851286,0.9747460698418569,0.2777872988360213
213.0578431372549,3.471988795518206,0.6616893778470215,0.3113942047407198,0.5580270645235048,0.9499256417973158,0.2915385215655543
275.1025210084033,3.88641456582633,0.6838463134694525,0.3753233156007501,0.6126363649023375,0.9529475986380965,0.3107597288941536
136.4168067226891,3.03375350140056,0.6509231064199752,0.2900937237640153,0.5386034940139317,0.9615146913660605,0.2865336681597684
188.072268907563,3.218907563025209,0.6711108152951808,0.3339323572566281,0.5778688062671562,0.9584992544905779,0.3021444775439951
187.3119047619047,3.317787114845937,0.6356980431720372,0.2842996414251975,0.5331975632213612,0.9728074875659565,0.2770537779687118
110.347619047619,2.293977591036414,0.752259222686507,0.4705075755792514,0.6859355476859699,0.9696880390066401,0.2343593243361455
271.7530812324929,3.414005602240896,0.7449177983923663,0.4720023107282129,0.6870242431881227,0.9569789047869807,0.2859738329117202
256.0046218487395,3.919607843137254,0.650323311605691,0.3182903651656742,0.5641722832306406,0.9495440924792375,0.3130732560009339
256.7950980392156,3.749439775910364,0.6972724336806618,0.3991650581801348,0.6317951077526122,0.9553030195102683,0.3162802129196785
165.1242296918767,3.394397759103641,0.6657509532003462,0.3425367696098047,0.5852664090905992,0.9641439444160702,0.3206951733855556
138.2424369747899,3.100980392156862,0.7015657617037699,0.4024376515312006,0.6343797376423688,0.9729297323893223,0.3237785282243629
177.1120448179271,3.28921568627451,0.6729875289812817,0.3465808970647083,0.5887112170365946,0.9610008328068645,0.2976603433793764
296.3798319327731,4.045658263305321,0.662247119363491,0.3287811693304772,0.573394427362594,0.9504930147489653,0.2878580659737564
142.8214285714286,2.597478991596638,0.736379775723993,0.4366623315993065,0.6608043065835046,0.9658559731357176,0.2575879569795958
110.2886554621849,2.792997198879551,0.6834081967776718,0.3366240613892616,0.5801931242174985,0.9585165034680112,0.2621812854465848
175.8939775910364,3.414705882352941,0.6939563573064819,0.4074093558992224,0.6382862648523955,0.9624701882351238,0.3415104882880033
186.655462184874,2.64453781512605,0.7686035666145647,0.500419932678954,0.7074036561108191,0.9708237907689432,0.2571668871052757
196.9420168067226,3.415546218487394,0.6802947876109683,0.3480518187667224,0.5899591670333824,0.9433119234999862,0.2851221492589467
201.7659663865546,3.525350140056022,0.6364597562150233,0.2850154669711022,0.5338683985507123,0.9569640655076143,0.303130620562198
235.7281512605041,4.166666666666666,0.5965464440242039,0.2403385864149581,0.4902433950753015,0.9620569313868668,0.3637726763463412
266.33837535014,4.086974789915965,0.6478963547287637,0.3110365322599628,0.5577064929333017,0.9415018525780194,0.3146326543392257
99.37591036414565,2.58375350140056,0.7048891010109191,0.3877044739464414,0.6226591956652061,0.965421329697058,0.2817538796251669
232.6393557422969,3.184873949579832,0.7536100524614664,0.4884073433294886,0.6988614621865257,0.9644429358261,0.2692949310962487
112.9956582633053,2.647759103641457,0.7094754405583283,0.3900082582052428,0.6245064116606353,0.9662243716691163,0.2518906639290778
111.6761904761905,3.16484593837535,0.6478750665630643,0.3084569416001695,0.5553890002513279,0.9683803351806405,0.2790396690177797
204.1810924369748,3.463305322128852,0.6710972168014071,0.3402307099310312,0.5832929880694875,0.9503863294818977,0.2830647105388783
228.690756302521,3.786974789915966,0.6650361586217591,0.3440794160801576,0.5865828296840588,0.9382394926779654,0.3253026937246247
122.1355742296919,2.283613445378151,0.7791403884494381,0.525994790072892,0.7252549827976998,0.9589274112052987,0.2433017791824274
316.5137254901961,4.162044817927169,0.6562642261569357,0.3325168106458269,0.5766427062278919,0.9379570007923064,0.3423303652132587
237.8851540616246,3.32829131652661,0.7357103642769032,0.4665351728926865,0.6830338006956073,0.9574865246925833,0.2913713601687098
218.4868347338935,3.321988795518207,0.6812832637053886,0.3508716329669123,0.592344184547221,0.9636061381958343,0.3075428363663778
253.0226890756303,3.363865546218487,0.7467596790779765,0.4843017795353435,0.6959179402309899,0.9526368659230154,0.2769174535223419
92.71148459383751,1.865546218487395,0.8388185523681541,0.64824388578961,0.8051359424281157,0.9640008532416611,0.2047625145411046
163.98081232493,3.127591036414565,0.6792330386933167,0.3548822372086088,0.5957199318543982,0.9655145121514297,0.3004747373961
142.6518207282913,3.292997198879552,0.6542136511767487,0.3280087329049267,0.5727204666370206,0.952435321791472,0.3323469057561807
252.6990196078431,3.320168067226891,0.7480434517266448,0.4834294404036125,0.6952909034379872,0.959371679914744,0.2732261148278872
182.6714285714286,3.093277310924369,0.7110571707210822,0.4044994664532479,0.6360027251932557,0.9533488555973727,0.3025837219197239
125.0721288515406,2.193837535014005,0.7907378744197215,0.5437255098117679,0.73737745409781,0.9565567025317235,0.2231441072598224
176.8211484593837,3.070728291316526,0.7251435693821773,0.4229520043311443,0.6503476026950082,0.9514517555365809,0.2511108318887705
262.4124649859945,4.57156862745098,0.6500603228799307,0.3406169918947972,0.5836240158653491,0.940197627763233,0.3653952888504254
313.2875350140056,4.531512605042016,0.6687810349481157,0.3690514539148993,0.6074960525920307,0.9404026079291903,0.3495859504133929
230.0747899159663,3.745518207282912,0.619625428641326,0.2618239844957591,0.511687389424206,0.955515697671663,0.3353534569775315
273.5155462184873,3.662464985994397,0.6966915981852068,0.3805574484695839,0.6168933850103954,0.9517098982874501,0.3153084066799924
76.62156862745097,2.083193277310924,0.764247962517787,0.4998383372957026,0.706992459150522,0.9747244692322766,0.2390166605860426
110.9250700280112,2.755462184873949,0.7110533935749617,0.4009003209126787,0.6331668981498312,0.9594970621797579,0.2608342035470892
337.5336134453781,4.508963585434173,0.7011537822402939,0.4231156384122276,0.6504733956221634,0.9402998987682054,0.3322155322815731
117.2998599439776,3.027450980392156,0.6634599255635885,0.3269780166968748,0.5718199163170822,0.9591005887253481,0.291060260142218
59.43543417366946,2.32703081232493,0.6955248799872441,0.372789135261948,0.610564603675932,0.9726010407347386,0.2655397318155778
264.4704481792717,3.627170868347338,0.697845368519631,0.3875959207212297,0.6225720205094586,0.9549725978892994,0.3053872239924121
82.40938375350139,2.322549019607843,0.7171262804740804,0.4083810190742964,0.6390469615562665,0.9687420784393953,0.2502193648170558
151.9120448179272,2.984453781512604,0.7518533466251998,0.4953724725184191,0.7038270188891722,0.9644387690237509,0.2834934564158418
